donor_id,section_id,tissue_failure_score,mean_damage,mean_stress,mean_reserve,mean_inflammation,n_cells,tissue_failure,threshold,pred_destructive_mean,pred_damage_mean,pred_stress_mean,pred_reserve_mean,split,pred_tissue_failure_score,split_regime,model
D00,D00_S0,2.538034696940899,3.0,2.162011236998584,0.02,2.485357752906475,36,0,2.635005548592931,2.5296844387355852,2.973254045567356,2.2262053014543124,0.02,train,2.5418903578209355,heldout_section,CellIntrinsicContinuous
D00,D00_S1,2.5304095237065005,3.0,2.1632383214009834,0.02,2.4455139685711256,36,0,2.635005548592931,2.5145136636539274,2.9783868425001,2.2336187415601216,0.02,test,2.527083873682635,heldout_section,CellIntrinsicContinuous
D01,D01_S0,2.708644876383969,3.0,2.813028984044143,0.02,2.4269838042580427,36,1,2.635005548592931,2.679306462628658,3.0,2.758811415520638,0.02,train,2.7047378239125646,heldout_section,CellIntrinsicContinuous
D01,D01_S1,2.5630693965649383,3.0,2.3626097220754763,0.02,2.3296933719190243,36,0,2.635005548592931,2.5727636709855286,2.9928908329797546,2.4334322714091505,0.021045168037786086,validation,2.588205949430842,heldout_section,CellIntrinsicContinuous
D02,D02_S0,2.4834796600726627,2.9011827004525115,2.185356862484984,0.02,2.4170602117983093,36,0,2.635005548592931,2.439828361679787,2.7982922997696638,2.224793068270522,0.02,train,2.490609527055631,heldout_section,CellIntrinsicContinuous
D02,D02_S1,2.4800367430973194,2.93842087304516,2.113745730699633,0.02,2.4107295971987264,36,0,2.635005548592931,2.416827964509125,2.811078297902663,2.191064739827789,0.02,train,2.4648838671349824,heldout_section,CellIntrinsicContinuous
D03,D03_S0,2.6220127059345546,3.0,2.460436040618302,0.02,2.487453072807149,36,0,2.635005548592931,2.601866304207652,2.9816599928541883,2.4807923284487106,0.02,train,2.621179224904024,heldout_section,CellIntrinsicContinuous
D03,D03_S1,2.6362620617768506,3.0,2.5531047265090057,0.02,2.4289636917716444,36,1,2.635005548592931,2.6066375780677453,2.985569609503766,2.5418813187011136,0.02,train,2.628083285506797,heldout_section,CellIntrinsicContinuous
D04,D04_S0,2.6660273486414945,3.0,2.6086691022910515,0.02,2.5,36,1,2.635005548592931,2.6295684193734123,2.9626491563900412,2.545969336772179,0.02,train,2.6541192403070246,heldout_section,CellIntrinsicContinuous
D04,D04_S1,2.6567807598838047,3.0,2.5756455710135873,0.02,2.5,36,1,2.635005548592931,2.60281937938233,2.9254737867219998,2.5215995363851404,0.02,test,2.634796646835053,heldout_section,CellIntrinsicContinuous
D05,D05_S0,2.5792531569528556,3.0,2.3093125578168494,0.02,2.485228203820689,36,0,2.635005548592931,2.5747096238646603,2.9891558307050903,2.369807373526394,0.028591081416212125,train,2.579396305118597,heldout_section,CellIntrinsicContinuous
D05,D05_S1,2.5954932363310825,3.0,2.383088631370205,0.02,2.4631420977371263,36,0,2.635005548592931,2.5895017218835057,3.0,2.401129247680303,0.02451740427249442,validation,2.597180628928429,heldout_section,CellIntrinsicContinuous
D06,D06_S0,2.737304935701948,3.0,2.874967164975282,0.02,2.4835706475443455,36,1,2.635005548592931,2.687176151099394,3.0,2.751184115277761,0.02,train,2.711719705667134,heldout_section,CellIntrinsicContinuous
D06,D06_S1,2.7288220417181046,3.0,2.852375285921557,0.02,2.472784808300342,36,1,2.635005548592931,2.694736635463814,3.0,2.770756998778041,0.02,train,2.719822826166577,heldout_section,CellIntrinsicContinuous
D07,D07_S0,2.755850059794679,3.0,2.9294644992667096,0.02,2.5,36,1,2.635005548592931,2.7330898468987446,3.0,2.85532466307008,0.0200993137356181,train,2.760059165566189,heldout_section,CellIntrinsicContinuous
D07,D07_S1,2.766697560708386,3.0,2.9682055739585214,0.02,2.5,36,1,2.635005548592931,2.7426728796924325,3.0,2.8838643130290347,0.02010727576625197,train,2.770515060824943,heldout_section,CellIntrinsicContinuous
D08,D08_S0,2.478429668068408,2.9705759426718443,2.3732997396980955,0.02,1.962146442352279,36,0,2.635005548592931,2.4700215584068363,2.9310487667299605,2.362904726718065,0.02,train,2.5010177166672554,heldout_section,CellIntrinsicContinuous
D08,D08_S1,2.456240817627459,2.9465666799994072,2.3067443629179514,0.02,2.0020019480535853,36,0,2.635005548592931,2.451405867486869,2.9204921943658864,2.3194987604021073,0.02,test,2.4833071618646123,heldout_section,CellIntrinsicContinuous
D09,D09_S0,2.6337490354090116,3.0,2.7770751419634347,0.02,2.102839978296247,36,0,2.635005548592931,2.6115675264822085,2.9969086165233154,2.7096139137021473,0.02,train,2.6392660868015114,heldout_section,CellIntrinsicContinuous
D09,D09_S1,2.6898721530666405,3.0,2.7586757661219012,0.02,2.4092146927625415,36,1,2.635005548592931,2.642511485967475,2.9958203079811723,2.7049533983178375,0.02,validation,2.6682387078894383,heldout_section,CellIntrinsicContinuous
D10,D10_S0,2.6763294975454004,3.0,2.98714729148268,0.02,2.0216412796512486,36,1,2.635005548592931,2.6626001511822373,3.0,2.952819587822098,0.02,train,2.699141076155103,heldout_section,CellIntrinsicContinuous
D10,D10_S1,2.730612914672575,3.0,2.9708740899690382,0.02,2.315840847406221,36,1,2.635005548592931,2.6839555759607836,2.998340045217587,2.9204113288860003,0.02,train,2.717793161926402,heldout_section,CellIntrinsicContinuous
D11,D11_S0,2.6784819545981122,3.0,2.8399493638281914,0.02,2.238480663631093,36,1,2.635005548592931,2.649387219216545,3.0,2.792249938620243,0.02,train,2.6784242560620153,heldout_section,CellIntrinsicContinuous
D11,D11_S1,2.5950821096205634,3.0,2.5645155838330904,0.02,2.207088730736489,36,0,2.635005548592931,2.590059575511741,3.0,2.592664921594272,0.02,train,2.612452340040106,heldout_section,CellIntrinsicContinuous
D00,D00_S0,2.538034696940899,3.0,2.162011236998584,0.02,2.485357752906475,36,0,2.635005548592931,2.520296371933423,2.97389970474152,2.179403633769277,0.02098396294078466,train,2.5357849114144058,heldout_section,UngatedNeighborhoodContinuous
D00,D00_S1,2.5304095237065005,3.0,2.1632383214009834,0.02,2.4455139685711256,36,0,2.635005548592931,2.4993787114659805,2.9836504245116866,2.169863944959834,0.02080087220507573,test,2.516798723645819,heldout_section,UngatedNeighborhoodContinuous
D01,D01_S0,2.708644876383969,3.0,2.813028984044143,0.02,2.4269838042580427,36,1,2.635005548592931,2.6810789098117223,3.0,2.7706532962238137,0.0200397562399397,train,2.7003144578739757,heldout_section,UngatedNeighborhoodContinuous
D01,D01_S1,2.5630693965649383,3.0,2.3626097220754763,0.02,2.3296933719190243,36,0,2.635005548592931,2.5534050255024265,2.9955102498841546,2.3695498071694208,0.020163384878822396,validation,2.571432814565603,heldout_section,UngatedNeighborhoodContinuous
D02,D02_S0,2.4834796600726627,2.9011827004525115,2.185356862484984,0.02,2.4170602117983093,36,0,2.635005548592931,2.4193714417831065,2.7844133837262017,2.16430584814473,0.02,train,2.4889412030509925,heldout_section,UngatedNeighborhoodContinuous
D02,D02_S1,2.4800367430973194,2.93842087304516,2.113745730699633,0.02,2.4107295971987264,36,0,2.635005548592931,2.4046425510970937,2.795998629880339,2.139002208841823,0.02,train,2.4734275882197796,heldout_section,UngatedNeighborhoodContinuous
D03,D03_S0,2.6220127059345546,3.0,2.460436040618302,0.02,2.487453072807149,36,0,2.635005548592931,2.5967706177692658,2.9828687306778896,2.4504954078158097,0.02,train,2.6136336815077925,heldout_section,UngatedNeighborhoodContinuous
D03,D03_S1,2.6362620617768506,3.0,2.5531047265090057,0.02,2.4289636917716444,36,1,2.635005548592931,2.6090605739869783,2.988697921069795,2.549912882713405,0.02,train,2.6295388619230096,heldout_section,UngatedNeighborhoodContinuous
D04,D04_S0,2.6660273486414945,3.0,2.6086691022910515,0.02,2.5,36,1,2.635005548592931,2.612945705819309,2.925357637170302,2.555253192373569,0.030329232988022488,train,2.6498591977037846,heldout_section,UngatedNeighborhoodContinuous
D04,D04_S1,2.6567807598838047,3.0,2.5756455710135873,0.02,2.5,36,1,2.635005548592931,2.597377290473793,2.900175379220506,2.543131863359783,0.027642053116203755,test,2.6398406212005203,heldout_section,UngatedNeighborhoodContinuous
D05,D05_S0,2.5792531569528556,3.0,2.3093125578168494,0.02,2.485228203820689,36,0,2.635005548592931,2.574698621630335,2.990915304527411,2.361598680099866,0.026835441171680297,train,2.591947476272133,heldout_section,UngatedNeighborhoodContinuous
D05,D05_S1,2.5954932363310825,3.0,2.383088631370205,0.02,2.4631420977371263,36,0,2.635005548592931,2.587263423660433,2.9989324720057287,2.380258966515011,0.0246471628828671,validation,2.6005857013834843,heldout_section,UngatedNeighborhoodContinuous
D06,D06_S0,2.737304935701948,3.0,2.874967164975282,0.02,2.4835706475443455,36,1,2.635005548592931,2.699406401774324,2.9988941119668047,2.8031826961460684,0.024458773028824935,train,2.719646558546208,heldout_section,UngatedNeighborhoodContinuous
D06,D06_S1,2.7288220417181046,3.0,2.852375285921557,0.02,2.472784808300342,36,1,2.635005548592931,2.7044197511812964,3.0,2.8109748680289344,0.021504373691421483,train,2.722390373379924,heldout_section,UngatedNeighborhoodContinuous
D07,D07_S0,2.755850059794679,3.0,2.9294644992667096,0.02,2.5,36,1,2.635005548592931,2.745068061801425,3.0,2.9052082689774803,0.031908800568311406,train,2.766767219449233,heldout_section,UngatedNeighborhoodContinuous
D07,D07_S1,2.766697560708386,3.0,2.9682055739585214,0.02,2.5,36,1,2.635005548592931,2.7549327385109277,3.0,2.9307455576171697,0.025800080099453986,train,2.7731498380839743,heldout_section,UngatedNeighborhoodContinuous
D08,D08_S0,2.478429668068408,2.9705759426718443,2.3732997396980955,0.02,1.962146442352279,36,0,2.635005548592931,2.459340807049308,2.9500435830414284,2.3243777725501533,0.02,train,2.5023026796843215,heldout_section,UngatedNeighborhoodContinuous
D08,D08_S1,2.456240817627459,2.9465666799994072,2.3067443629179514,0.02,2.0020019480535853,36,0,2.635005548592931,2.4364349465322848,2.939189918459205,2.276802112833645,0.02,test,2.4827657298498624,heldout_section,UngatedNeighborhoodContinuous
D09,D09_S0,2.6337490354090116,3.0,2.7770751419634347,0.02,2.102839978296247,36,0,2.635005548592931,2.604177369171817,2.996571918020621,2.7151988421436193,0.02,train,2.6364183133013834,heldout_section,UngatedNeighborhoodContinuous
D09,D09_S1,2.6898721530666405,3.0,2.7586757661219012,0.02,2.4092146927625415,36,1,2.635005548592931,2.642456968576646,2.9990805628364092,2.7096541771212594,0.02,validation,2.665636168968391,heldout_section,UngatedNeighborhoodContinuous
D10,D10_S0,2.6763294975454004,3.0,2.98714729148268,0.02,2.0216412796512486,36,1,2.635005548592931,2.6596190803732958,3.0,2.9877306729898443,0.02,train,2.6993665760126744,heldout_section,UngatedNeighborhoodContinuous
D10,D10_S1,2.730612914672575,3.0,2.9708740899690382,0.02,2.315840847406221,36,1,2.635005548592931,2.6882676696873578,2.9979133907787876,2.9465736563416525,0.02,train,2.71922990003948,heldout_section,UngatedNeighborhoodContinuous
D11,D11_S0,2.6784819545981122,3.0,2.8399493638281914,0.02,2.238480663631093,36,1,2.635005548592931,2.6411343696479386,3.0,2.812626593422844,0.02,train,2.671990098379725,heldout_section,UngatedNeighborhoodContinuous
D11,D11_S1,2.5950821096205634,3.0,2.5645155838330904,0.02,2.207088730736489,36,0,2.635005548592931,2.5726192241932297,2.999911953024812,2.570512652811717,0.02,train,2.600402092794996,heldout_section,UngatedNeighborhoodContinuous
D00,D00_S0,2.538034696940899,3.0,2.162011236998584,0.02,2.485357752906475,36,0,2.635005548592931,2.5219856385965023,2.9644365136247397,2.212924005319964,0.021059300446533067,train,2.5376032832237163,heldout_section,NicheformerAdapterProxy
D00,D00_S1,2.5304095237065005,3.0,2.1632383214009834,0.02,2.4455139685711256,36,0,2.635005548592931,2.47775558191334,2.9366803161820734,2.212708845711383,0.023354864737188532,test,2.5001057527339166,heldout_section,NicheformerAdapterProxy
D01,D01_S0,2.708644876383969,3.0,2.813028984044143,0.02,2.4269838042580427,36,1,2.635005548592931,2.6769445503629554,2.995703377591617,2.7692489064140147,0.02019573258982008,train,2.7067032376859412,heldout_section,NicheformerAdapterProxy
D01,D01_S1,2.5630693965649383,3.0,2.3626097220754763,0.02,2.3296933719190243,36,0,2.635005548592931,2.5589421608368914,2.9821186108895468,2.4263395729953614,0.02347518219990606,validation,2.5790259391016948,heldout_section,NicheformerAdapterProxy
D02,D02_S0,2.4834796600726627,2.9011827004525115,2.185356862484984,0.02,2.4170602117983093,36,0,2.635005548592931,2.4402829138283204,2.8043861346762267,2.229133474809827,0.02,train,2.491765880609123,heldout_section,NicheformerAdapterProxy
D02,D02_S1,2.4800367430973194,2.93842087304516,2.113745730699633,0.02,2.4107295971987264,36,0,2.635005548592931,2.4128599200120013,2.80935704353806,2.2047661612680116,0.02,train,2.463797261293819,heldout_section,NicheformerAdapterProxy
D03,D03_S0,2.6220127059345546,3.0,2.460436040618302,0.02,2.487453072807149,36,0,2.635005548592931,2.59611748986757,2.9762383430304378,2.473773951240373,0.02,train,2.6191044504015286,heldout_section,NicheformerAdapterProxy
D03,D03_S1,2.6362620617768506,3.0,2.5531047265090057,0.02,2.4289636917716444,36,1,2.635005548592931,2.5898235266343503,2.964232208858931,2.5391931557934693,0.02021086785998079,train,2.6187021871242115,heldout_section,NicheformerAdapterProxy
D04,D04_S0,2.6660273486414945,3.0,2.6086691022910515,0.02,2.5,36,1,2.635005548592931,2.6304335738457607,2.962520377436146,2.5529341160347943,0.020292618290997003,train,2.657879373923146,heldout_section,NicheformerAdapterProxy
D04,D04_S1,2.6567807598838047,3.0,2.5756455710135873,0.02,2.5,36,1,2.635005548592931,2.579899300751757,2.879887651058845,2.5262148182342647,0.020784178587312463,test,2.6240731734179166,heldout_section,NicheformerAdapterProxy
D05,D05_S0,2.5792531569528556,3.0,2.3093125578168494,0.02,2.485228203820689,36,0,2.635005548592931,2.569591946872038,2.986506992485992,2.3721984083463226,0.03635261401409638,train,2.5795796775814837,heldout_section,NicheformerAdapterProxy
D05,D05_S1,2.5954932363310825,3.0,2.383088631370205,0.02,2.4631420977371263,36,0,2.635005548592931,2.5840362299164403,2.9932067401249807,2.3951729939973907,0.028751176225932262,validation,2.59655886453738,heldout_section,NicheformerAdapterProxy
D06,D06_S0,2.737304935701948,3.0,2.874967164975282,0.02,2.4835706475443455,36,1,2.635005548592931,2.68498851026002,2.999550256502453,2.7608825603654195,0.02,train,2.7132096968659147,heldout_section,NicheformerAdapterProxy
D06,D06_S1,2.7288220417181046,3.0,2.852375285921557,0.02,2.472784808300342,36,1,2.635005548592931,2.696079935129214,3.0,2.7841772970978043,0.02,train,2.724761370192142,heldout_section,NicheformerAdapterProxy
D07,D07_S0,2.755850059794679,3.0,2.9294644992667096,0.02,2.5,36,1,2.635005548592931,2.7271780246185156,3.0,2.841441393058181,0.021827905822877566,train,2.7561373992945026,heldout_section,NicheformerAdapterProxy
D07,D07_S1,2.766697560708386,3.0,2.9682055739585214,0.02,2.5,36,1,2.635005548592931,2.7387515929461346,2.99849163082124,2.872515780931717,0.021949129586099157,train,2.768853063727411,heldout_section,NicheformerAdapterProxy
D08,D08_S0,2.478429668068408,2.9705759426718443,2.3732997396980955,0.02,1.962146442352279,36,0,2.635005548592931,2.4750558228117616,2.929968550073052,2.380010508727044,0.02,train,2.5089935199774125,heldout_section,NicheformerAdapterProxy
D08,D08_S1,2.456240817627459,2.9465666799994072,2.3067443629179514,0.02,2.0020019480535853,36,0,2.635005548592931,2.4402086298187142,2.904906490603547,2.3232827286865643,0.02,test,2.4779360464277467,heldout_section,NicheformerAdapterProxy
D09,D09_S0,2.6337490354090116,3.0,2.7770751419634347,0.02,2.102839978296247,36,0,2.635005548592931,2.6016380903895944,2.985009585306623,2.69157666730597,0.02,train,2.6339431418481007,heldout_section,NicheformerAdapterProxy
D09,D09_S1,2.6898721530666405,3.0,2.7586757661219012,0.02,2.4092146927625415,36,1,2.635005548592931,2.6545429541732446,2.9986001134976354,2.707956810215502,0.02,validation,2.682018327415001,heldout_section,NicheformerAdapterProxy
D10,D10_S0,2.6763294975454004,3.0,2.98714729148268,0.02,2.0216412796512486,36,1,2.635005548592931,2.656504439640047,2.9968249873490422,2.945963561766096,0.02,train,2.6965110948131996,heldout_section,NicheformerAdapterProxy
D10,D10_S1,2.730612914672575,3.0,2.9708740899690382,0.02,2.315840847406221,36,1,2.635005548592931,2.6842336040161037,2.9975420187503996,2.910016981189561,0.02,train,2.720591376981806,heldout_section,NicheformerAdapterProxy
D11,D11_S0,2.6784819545981122,3.0,2.8399493638281914,0.02,2.238480663631093,36,1,2.635005548592931,2.6515194091128285,3.0,2.797482956161166,0.02,train,2.6835496968825154,heldout_section,NicheformerAdapterProxy
D11,D11_S1,2.5950821096205634,3.0,2.5645155838330904,0.02,2.207088730736489,36,0,2.635005548592931,2.5897361212769887,3.0,2.565077653339111,0.02,train,2.6134253152118174,heldout_section,NicheformerAdapterProxy
D00,D00_S0,2.538034696940899,3.0,2.162011236998584,0.02,2.485357752906475,36,0,2.635005548592931,2.524876515007625,2.974429654357932,2.1926702604633674,0.020419552954762707,train,2.541395205525759,heldout_section,CausaFluxSpatiotemporalGNN
D00,D00_S1,2.5304095237065005,3.0,2.1632383214009834,0.02,2.4455139685711256,36,0,2.635005548592931,2.500112493241762,2.981685660199952,2.196255077635779,0.0209094234936429,test,2.520958779946902,heldout_section,CausaFluxSpatiotemporalGNN
D01,D01_S0,2.708644876383969,3.0,2.813028984044143,0.02,2.4269838042580427,36,1,2.635005548592931,2.676965893988673,3.0,2.763298655618722,0.02,train,2.6988945328672065,heldout_section,CausaFluxSpatiotemporalGNN
D01,D01_S1,2.5630693965649383,3.0,2.3626097220754763,0.02,2.3296933719190243,36,0,2.635005548592931,2.549677267513751,2.993897676003166,2.3732236965920923,0.020951308654289243,validation,2.571017262148194,heldout_section,CausaFluxSpatiotemporalGNN
D02,D02_S0,2.4834796600726627,2.9011827004525115,2.185356862484984,0.02,2.4170602117983093,36,0,2.635005548592931,2.4190742196612494,2.775559358344374,2.173014111242491,0.02,train,2.4881424652755753,heldout_section,CausaFluxSpatiotemporalGNN
D02,D02_S1,2.4800367430973194,2.93842087304516,2.113745730699633,0.02,2.4107295971987264,36,0,2.635005548592931,2.4041951194323605,2.7981180809420625,2.132739603562903,0.02,train,2.4698685600546355,heldout_section,CausaFluxSpatiotemporalGNN
D03,D03_S0,2.6220127059345546,3.0,2.460436040618302,0.02,2.487453072807149,36,0,2.635005548592931,2.59812363192316,2.9828555576865696,2.4605484355957983,0.02,train,2.6173586017093036,heldout_section,CausaFluxSpatiotemporalGNN
D03,D03_S1,2.6362620617768506,3.0,2.5531047265090057,0.02,2.4289636917716444,36,1,2.635005548592931,2.6034539406049255,2.988491503697327,2.5310541710120873,0.02,train,2.6257977439739473,heldout_section,CausaFluxSpatiotemporalGNN
D04,D04_S0,2.6660273486414945,3.0,2.6086691022910515,0.02,2.5,36,1,2.635005548592931,2.6257364769152045,2.940129760805371,2.5722383545522742,0.02614794339095489,train,2.6542214409879574,heldout_section,CausaFluxSpatiotemporalGNN
D04,D04_S1,2.6567807598838047,3.0,2.5756455710135873,0.02,2.5,36,1,2.635005548592931,2.6044146477551378,2.9088746516045876,2.5517201530196494,0.02533107697269233,test,2.6408634070835086,heldout_section,CausaFluxSpatiotemporalGNN
D05,D05_S0,2.5792531569528556,3.0,2.3093125578168494,0.02,2.485228203820689,36,0,2.635005548592931,2.5708997724747564,2.9899667318137784,2.347888939211382,0.026928984275143338,train,2.586675928771183,heldout_section,CausaFluxSpatiotemporalGNN
D05,D05_S1,2.5954932363310825,3.0,2.383088631370205,0.02,2.4631420977371263,36,0,2.635005548592931,2.5873404562606495,3.0,2.3874902495384998,0.024635290859707212,validation,2.6008901056736176,heldout_section,CausaFluxSpatiotemporalGNN
D06,D06_S0,2.737304935701948,3.0,2.874967164975282,0.02,2.4835706475443455,36,1,2.635005548592931,2.706122895076505,2.9999452587970694,2.818857816560679,0.023629427332641728,train,2.7260371698210846,heldout_section,CausaFluxSpatiotemporalGNN
D06,D06_S1,2.7288220417181046,3.0,2.852375285921557,0.02,2.472784808300342,36,1,2.635005548592931,2.7010255211713523,3.0,2.7944023161495912,0.0203904798550675,train,2.720159465548522,heldout_section,CausaFluxSpatiotemporalGNN
D07,D07_S0,2.755850059794679,3.0,2.9294644992667096,0.02,2.5,36,1,2.635005548592931,2.744880542922308,3.0,2.898815478680002,0.026548435734044515,train,2.7625024395527413,heldout_section,CausaFluxSpatiotemporalGNN
D07,D07_S1,2.766697560708386,3.0,2.9682055739585214,0.02,2.5,36,1,2.635005548592931,2.753624331771702,3.0,2.925019494814342,0.024459667165063752,train,2.7712695677583827,heldout_section,CausaFluxSpatiotemporalGNN
D08,D08_S0,2.478429668068408,2.9705759426718443,2.3732997396980955,0.02,1.962146442352279,36,0,2.635005548592931,2.4557018382798637,2.9410792208807015,2.335114850003782,0.02,train,2.5024583676279795,heldout_section,CausaFluxSpatiotemporalGNN
D08,D08_S1,2.456240817627459,2.9465666799994072,2.3067443629179514,0.02,2.0020019480535853,36,0,2.635005548592931,2.436648413279668,2.9300496534667215,2.287413839825892,0.02,test,2.485704717061978,heldout_section,CausaFluxSpatiotemporalGNN
D09,D09_S0,2.6337490354090116,3.0,2.7770751419634347,0.02,2.102839978296247,36,0,2.635005548592931,2.600755318675301,2.9979374088805537,2.708565959409908,0.02,train,2.6350763410707305,heldout_section,CausaFluxSpatiotemporalGNN
D09,D09_S1,2.6898721530666405,3.0,2.7586757661219012,0.02,2.4092146927625415,36,1,2.635005548592931,2.6387588021648747,2.9978066008506357,2.7082842608257054,0.02,validation,2.6650787775977105,heldout_section,CausaFluxSpatiotemporalGNN
D10,D10_S0,2.6763294975454004,3.0,2.98714729148268,0.02,2.0216412796512486,36,1,2.635005548592931,2.65899071801179,3.0,2.9752666543651687,0.02,train,2.700126165403214,heldout_section,CausaFluxSpatiotemporalGNN
D10,D10_S1,2.730612914672575,3.0,2.9708740899690382,0.02,2.315840847406221,36,1,2.635005548592931,2.689024999330392,2.998541433832947,2.945146060495231,0.02,train,2.721877994013505,heldout_section,CausaFluxSpatiotemporalGNN
D11,D11_S0,2.6784819545981122,3.0,2.8399493638281914,0.02,2.238480663631093,36,1,2.635005548592931,2.639522543125396,3.0,2.8113151858186405,0.02,train,2.6728282174747298,heldout_section,CausaFluxSpatiotemporalGNN
D11,D11_S1,2.5950821096205634,3.0,2.5645155838330904,0.02,2.207088730736489,36,0,2.635005548592931,2.570308219434428,3.0,2.5671373800897,0.02,train,2.60042082020134,heldout_section,CausaFluxSpatiotemporalGNN
D00,D00_S0,2.538034696940899,3.0,2.162011236998584,0.02,2.485357752906475,36,0,2.635005548592931,2.5195542529340154,2.9604188781188814,2.2162166325759465,0.02,train,2.5261224951120784,heldout_donor,CellIntrinsicContinuous
D00,D00_S1,2.5304095237065005,3.0,2.1632383214009834,0.02,2.4455139685711256,36,0,2.635005548592931,2.51169911287495,2.982471065226024,2.2124000878297427,0.02,train,2.5181956703853356,heldout_donor,CellIntrinsicContinuous
D01,D01_S0,2.708644876383969,3.0,2.813028984044143,0.02,2.4269838042580427,36,1,2.635005548592931,2.6828505837806307,3.0,2.753032811814036,0.02,train,2.720322101722543,heldout_donor,CellIntrinsicContinuous
D01,D01_S1,2.5630693965649383,3.0,2.3626097220754763,0.02,2.3296933719190243,36,0,2.635005548592931,2.569300782335155,2.990808698756138,2.4219773919912284,0.022843398648970756,train,2.5901232118084163,heldout_donor,CellIntrinsicContinuous
D02,D02_S0,2.4834796600726627,2.9011827004525115,2.185356862484984,0.02,2.4170602117983093,36,0,2.635005548592931,2.4749211643525646,2.8705846990120634,2.193375050156838,0.02,train,2.498573624804365,heldout_donor,CellIntrinsicContinuous
D02,D02_S1,2.4800367430973194,2.93842087304516,2.113745730699633,0.02,2.4107295971987264,36,0,2.635005548592931,2.4742068852545254,2.9195633316063816,2.152516922864895,0.02,train,2.487768224167611,heldout_donor,CellIntrinsicContinuous
D03,D03_S0,2.6220127059345546,3.0,2.460436040618302,0.02,2.487453072807149,36,0,2.635005548592931,2.6037174947372175,2.984075962401949,2.4641435957191593,0.02,train,2.6215270460123343,heldout_donor,CellIntrinsicContinuous
D03,D03_S1,2.6362620617768506,3.0,2.5531047265090057,0.02,2.4289636917716444,36,1,2.635005548592931,2.6178828415674054,2.9983893577512024,2.5223782614856542,0.02,train,2.639272943272953,heldout_donor,CellIntrinsicContinuous
D04,D04_S0,2.6660273486414945,3.0,2.6086691022910515,0.02,2.5,36,1,2.635005548592931,2.6269507241399825,2.9491858701876166,2.5598671150741876,0.02079337443026065,train,2.6554184827207234,heldout_donor,CellIntrinsicContinuous
D04,D04_S1,2.6567807598838047,3.0,2.5756455710135873,0.02,2.5,36,1,2.635005548592931,2.603798477131887,2.9211090598102434,2.530276305795775,0.023365400187001048,train,2.6367490542783036,heldout_donor,CellIntrinsicContinuous
D05,D05_S0,2.5792531569528556,3.0,2.3093125578168494,0.02,2.485228203820689,36,0,2.635005548592931,2.5586938232432184,2.972494595398322,2.3738536468468525,0.037936403763901755,train,2.575996587467574,heldout_donor,CellIntrinsicContinuous
D05,D05_S1,2.5954932363310825,3.0,2.383088631370205,0.02,2.4631420977371263,36,0,2.635005548592931,2.5867645172096916,2.9966999993379577,2.4113615487073914,0.03364388450744293,train,2.5997503861653892,heldout_donor,CellIntrinsicContinuous
D06,D06_S0,2.737304935701948,3.0,2.874967164975282,0.02,2.4835706475443455,36,1,2.635005548592931,2.687876432108647,3.0,2.748214678739979,0.02,train,2.723119122575073,heldout_donor,CellIntrinsicContinuous
D06,D06_S1,2.7288220417181046,3.0,2.852375285921557,0.02,2.472784808300342,36,1,2.635005548592931,2.6970131317576973,3.0,2.7686565147826645,0.02,train,2.7326921932142914,heldout_donor,CellIntrinsicContinuous
D07,D07_S0,2.755850059794679,3.0,2.9294644992667096,0.02,2.5,36,1,2.635005548592931,2.73602527915439,3.0,2.8653013664366216,0.021311429590006467,validation,2.774939750107012,heldout_donor,CellIntrinsicContinuous
D07,D07_S1,2.766697560708386,3.0,2.9682055739585214,0.02,2.5,36,1,2.635005548592931,2.7446138372376487,3.0,2.8900621150780026,0.020026980568070993,validation,2.7848561859732657,heldout_donor,CellIntrinsicContinuous
D08,D08_S0,2.478429668068408,2.9705759426718443,2.3732997396980955,0.02,1.962146442352279,36,0,2.635005548592931,2.520383955098575,2.9966133813091314,2.307235665326555,0.02,validation,2.537723662575362,heldout_donor,CellIntrinsicContinuous
D08,D08_S1,2.456240817627459,2.9465666799994072,2.3067443629179514,0.02,2.0020019480535853,36,0,2.635005548592931,2.505145754212222,2.993327453685883,2.263888952959761,0.02,validation,2.5206052280314664,heldout_donor,CellIntrinsicContinuous
D09,D09_S0,2.6337490354090116,3.0,2.7770751419634347,0.02,2.102839978296247,36,0,2.635005548592931,2.6345383271675,3.0,2.665627087881646,0.02,test,2.6728817516108982,heldout_donor,CellIntrinsicContinuous
D09,D09_S1,2.6898721530666405,3.0,2.7586757661219012,0.02,2.4092146927625415,36,1,2.635005548592931,2.6590373163217347,3.0,2.672539451493746,0.02,test,2.691188473331283,heldout_donor,CellIntrinsicContinuous
D10,D10_S0,2.6763294975454004,3.0,2.98714729148268,0.02,2.0216412796512486,36,1,2.635005548592931,2.71563237983319,3.0,2.9236700697616005,0.02,test,2.7696237980688507,heldout_donor,CellIntrinsicContinuous
D10,D10_S1,2.730612914672575,3.0,2.9708740899690382,0.02,2.315840847406221,36,1,2.635005548592931,2.7247419526593792,3.0,2.8852016372783265,0.02,test,2.77012312940941,heldout_donor,CellIntrinsicContinuous
D11,D11_S0,2.6784819545981122,3.0,2.8399493638281914,0.02,2.238480663631093,36,1,2.635005548592931,2.6617851718655423,3.0,2.7606721776332304,0.02,test,2.706668830773158,heldout_donor,CellIntrinsicContinuous
D11,D11_S1,2.5950821096205634,3.0,2.5645155838330904,0.02,2.207088730736489,36,0,2.635005548592931,2.599020315332545,3.0,2.558270223374284,0.02,test,2.6313804395879283,heldout_donor,CellIntrinsicContinuous
D00,D00_S0,2.538034696940899,3.0,2.162011236998584,0.02,2.485357752906475,36,0,2.635005548592931,2.493034532737335,2.9362584112308574,2.1535647139933847,0.021593677613517395,train,2.512816669517953,heldout_donor,UngatedNeighborhoodContinuous
D00,D00_S1,2.5304095237065005,3.0,2.1632383214009834,0.02,2.4455139685711256,36,0,2.635005548592931,2.4960821810299745,2.9906394578217093,2.14701290779466,0.020071643762345933,train,2.5115662162175934,heldout_donor,UngatedNeighborhoodContinuous
D01,D01_S0,2.708644876383969,3.0,2.813028984044143,0.02,2.4269838042580427,36,1,2.635005548592931,2.6939070847354913,3.0,2.807611132443462,0.02,train,2.711439752230946,heldout_donor,UngatedNeighborhoodContinuous
D01,D01_S1,2.5630693965649383,3.0,2.3626097220754763,0.02,2.3296933719190243,36,0,2.635005548592931,2.550135263933404,2.9895468390607114,2.3653693666169264,0.021130313131045686,train,2.5728763157406727,heldout_donor,UngatedNeighborhoodContinuous
D02,D02_S0,2.4834796600726627,2.9011827004525115,2.185356862484984,0.02,2.4170602117983093,36,0,2.635005548592931,2.4697684066796715,2.8768170747712656,2.1694409370109886,0.020391904119108642,train,2.5021594780368135,heldout_donor,UngatedNeighborhoodContinuous
D02,D02_S1,2.4800367430973194,2.93842087304516,2.113745730699633,0.02,2.4107295971987264,36,0,2.635005548592931,2.475061053542963,2.9276530783465167,2.1396766161106333,0.02,train,2.499842546849198,heldout_donor,UngatedNeighborhoodContinuous
D03,D03_S0,2.6220127059345546,3.0,2.460436040618302,0.02,2.487453072807149,36,0,2.635005548592931,2.6046254151633508,2.9873203610900685,2.4658030588415043,0.02,train,2.6148242034162577,heldout_donor,UngatedNeighborhoodContinuous
D03,D03_S1,2.6362620617768506,3.0,2.5531047265090057,0.02,2.4289636917716444,36,1,2.635005548592931,2.6295172619555185,3.0,2.5798385240899453,0.02,train,2.6444656636118036,heldout_donor,UngatedNeighborhoodContinuous
D04,D04_S0,2.6660273486414945,3.0,2.6086691022910515,0.02,2.5,36,1,2.635005548592931,2.5662515609779093,2.829436643764882,2.5836918240875644,0.06812319313511224,train,2.6625575332571962,heldout_donor,UngatedNeighborhoodContinuous
D04,D04_S1,2.6567807598838047,3.0,2.5756455710135873,0.02,2.5,36,1,2.635005548592931,2.5830710293859003,2.859943078867035,2.5735266572327564,0.04380648613662812,train,2.6446470108737623,heldout_donor,UngatedNeighborhoodContinuous
D05,D05_S0,2.5792531569528556,3.0,2.3093125578168494,0.02,2.485228203820689,36,0,2.635005548592931,2.550858151441668,2.9706286982351187,2.3422431150034075,0.03563840339812254,train,2.584863992650908,heldout_donor,UngatedNeighborhoodContinuous
D05,D05_S1,2.5954932363310825,3.0,2.383088631370205,0.02,2.4631420977371263,36,0,2.635005548592931,2.568068432897715,2.9869345005328714,2.3605526758459097,0.046360357486960074,train,2.607427686354012,heldout_donor,UngatedNeighborhoodContinuous
D06,D06_S0,2.737304935701948,3.0,2.874967164975282,0.02,2.4835706475443455,36,1,2.635005548592931,2.7099119809726027,3.0,2.835812652467552,0.022452478400985725,train,2.7264271538845746,heldout_donor,UngatedNeighborhoodContinuous
D06,D06_S1,2.7288220417181046,3.0,2.852375285921557,0.02,2.472784808300342,36,1,2.635005548592931,2.7162617181539925,3.0,2.848892598591034,0.0205694975844095,train,2.7297169210653,heldout_donor,UngatedNeighborhoodContinuous
D07,D07_S0,2.755850059794679,3.0,2.9294644992667096,0.02,2.5,36,1,2.635005548592931,2.7499262823250388,3.0,2.9327012058258557,0.04358135378587141,validation,2.783188099172831,heldout_donor,UngatedNeighborhoodContinuous
D07,D07_S1,2.766697560708386,3.0,2.9682055739585214,0.02,2.5,36,1,2.635005548592931,2.760567647276685,3.0,2.956234194146581,0.03262694129253547,validation,2.780925309484198,heldout_donor,UngatedNeighborhoodContinuous
D08,D08_S0,2.478429668068408,2.9705759426718443,2.3732997396980955,0.02,1.962146442352279,36,0,2.635005548592931,2.515360569949636,3.0,2.3467261626902634,0.02,validation,2.550838365224845,heldout_donor,UngatedNeighborhoodContinuous
D08,D08_S1,2.456240817627459,2.9465666799994072,2.3067443629179514,0.02,2.0020019480535853,36,0,2.635005548592931,2.496990714130349,2.9984162512116663,2.2957545986436965,0.02,validation,2.5338010659111343,heldout_donor,UngatedNeighborhoodContinuous
D09,D09_S0,2.6337490354090116,3.0,2.7770751419634347,0.02,2.102839978296247,36,0,2.635005548592931,2.647533176246787,3.0,2.775300255774658,0.02,test,2.682582638251698,heldout_donor,UngatedNeighborhoodContinuous
D09,D09_S1,2.6898721530666405,3.0,2.7586757661219012,0.02,2.4092146927625415,36,1,2.635005548592931,2.672771702530104,3.0,2.7632476546645686,0.02,test,2.6939281145997866,heldout_donor,UngatedNeighborhoodContinuous
D10,D10_S0,2.6763294975454004,3.0,2.98714729148268,0.02,2.0216412796512486,36,1,2.635005548592931,2.7076294612457907,3.0,2.999235977620781,0.02,test,2.7467606288678215,heldout_donor,UngatedNeighborhoodContinuous
D10,D10_S1,2.730612914672575,3.0,2.9708740899690382,0.02,2.315840847406221,36,1,2.635005548592931,2.732523539722738,3.0,2.9788948638540784,0.02,test,2.756707816829607,heldout_donor,UngatedNeighborhoodContinuous
D11,D11_S0,2.6784819545981122,3.0,2.8399493638281914,0.02,2.238480663631093,36,1,2.635005548592931,2.672694317189224,3.0,2.863582873723044,0.02,test,2.708647344693676,heldout_donor,UngatedNeighborhoodContinuous
D11,D11_S1,2.5950821096205634,3.0,2.5645155838330904,0.02,2.207088730736489,36,0,2.635005548592931,2.594530940674205,3.0,2.5948505029467053,0.02,test,2.628488826399005,heldout_donor,UngatedNeighborhoodContinuous
D00,D00_S0,2.538034696940899,3.0,2.162011236998584,0.02,2.485357752906475,36,0,2.635005548592931,2.517771663138154,2.9600890639088107,2.207816641262907,0.02,train,2.528604917300643,heldout_donor,NicheformerAdapterProxy
D00,D00_S1,2.5304095237065005,3.0,2.1632383214009834,0.02,2.4455139685711256,36,0,2.635005548592931,2.484092516980963,2.9534388125863673,2.1830774696852058,0.02115891275905959,train,2.503714443124973,heldout_donor,NicheformerAdapterProxy
D01,D01_S0,2.708644876383969,3.0,2.813028984044143,0.02,2.4269838042580427,36,1,2.635005548592931,2.6832029091743754,3.0,2.756500882193789,0.02,train,2.721542948024332,heldout_donor,NicheformerAdapterProxy
D01,D01_S1,2.5630693965649383,3.0,2.3626097220754763,0.02,2.3296933719190243,36,0,2.635005548592931,2.5601397209188033,2.9886724023267495,2.4035413132325223,0.023701409348968885,train,2.585823638247264,heldout_donor,NicheformerAdapterProxy
D02,D02_S0,2.4834796600726627,2.9011827004525115,2.185356862484984,0.02,2.4170602117983093,36,0,2.635005548592931,2.476932758344319,2.8756042243468545,2.197744717853203,0.02,train,2.5056907036505245,heldout_donor,NicheformerAdapterProxy
D02,D02_S1,2.4800367430973194,2.93842087304516,2.113745730699633,0.02,2.4107295971987264,36,0,2.635005548592931,2.4792604943398002,2.9180661041007,2.181271559410952,0.02,train,2.5023124449811527,heldout_donor,NicheformerAdapterProxy
D03,D03_S0,2.6220127059345546,3.0,2.460436040618302,0.02,2.487453072807149,36,0,2.635005548592931,2.596405642782779,2.982627736299905,2.438059434250831,0.020398187713738043,train,2.6149275947625865,heldout_donor,NicheformerAdapterProxy
D03,D03_S1,2.6362620617768506,3.0,2.5531047265090057,0.02,2.4289636917716444,36,1,2.635005548592931,2.6070165267661647,2.9897414366898847,2.507329742957289,0.02,train,2.6328900513446962,heldout_donor,NicheformerAdapterProxy
D04,D04_S0,2.6660273486414945,3.0,2.6086691022910515,0.02,2.5,36,1,2.635005548592931,2.629497275716817,2.957353531715052,2.556675282186272,0.021059113888651445,train,2.6565065303270337,heldout_donor,NicheformerAdapterProxy
D04,D04_S1,2.6567807598838047,3.0,2.5756455710135873,0.02,2.5,36,1,2.635005548592931,2.5902745750604956,2.8909098007851903,2.5372035391011503,0.023431680941906653,train,2.6317499261624113,heldout_donor,NicheformerAdapterProxy
D05,D05_S0,2.5792531569528556,3.0,2.3093125578168494,0.02,2.485228203820689,36,0,2.635005548592931,2.555046277676466,2.967654040386863,2.391117083236564,0.043040472183585345,train,2.5784024931850102,heldout_donor,NicheformerAdapterProxy
D05,D05_S1,2.5954932363310825,3.0,2.383088631370205,0.02,2.4631420977371263,36,0,2.635005548592931,2.5843173270087743,2.989684577055163,2.413990990223807,0.0320159634290722,train,2.601134586427648,heldout_donor,NicheformerAdapterProxy
D06,D06_S0,2.737304935701948,3.0,2.874967164975282,0.02,2.4835706475443455,36,1,2.635005548592931,2.687203972727717,3.0,2.7560049706714524,0.02,train,2.7239366044141065,heldout_donor,NicheformerAdapterProxy
D06,D06_S1,2.7288220417181046,3.0,2.852375285921557,0.02,2.472784808300342,36,1,2.635005548592931,2.7017099583874797,3.0,2.788576438771562,0.020065108454087082,train,2.738394261754608,heldout_donor,NicheformerAdapterProxy
D07,D07_S0,2.755850059794679,3.0,2.9294644992667096,0.02,2.5,36,1,2.635005548592931,2.7240954879095693,3.0,2.828851280491966,0.026404770587719544,validation,2.7579943493398495,heldout_donor,NicheformerAdapterProxy
D07,D07_S1,2.766697560708386,3.0,2.9682055739585214,0.02,2.5,36,1,2.635005548592931,2.731365108029605,3.0,2.8438613213059263,0.022345736072974694,validation,2.7656927192293987,heldout_donor,NicheformerAdapterProxy
D08,D08_S0,2.478429668068408,2.9705759426718443,2.3732997396980955,0.02,1.962146442352279,36,0,2.635005548592931,2.5270965169262865,2.9940987179059153,2.3337500089734187,0.02,validation,2.553956520792652,heldout_donor,NicheformerAdapterProxy
D08,D08_S1,2.456240817627459,2.9465666799994072,2.3067443629179514,0.02,2.0020019480535853,36,0,2.635005548592931,2.5007128356928296,2.985541271912143,2.265747703189497,0.02,validation,2.526577294860497,heldout_donor,NicheformerAdapterProxy
D09,D09_S0,2.6337490354090116,3.0,2.7770751419634347,0.02,2.102839978296247,36,0,2.635005548592931,2.617844756642065,3.0,2.5915383107723584,0.02,test,2.653286663071712,heldout_donor,NicheformerAdapterProxy
D09,D09_S1,2.6898721530666405,3.0,2.7586757661219012,0.02,2.4092146927625415,36,1,2.635005548592931,2.662748903152558,3.0,2.654672371766338,0.02,test,2.6917244163705574,heldout_donor,NicheformerAdapterProxy
D10,D10_S0,2.6763294975454004,3.0,2.98714729148268,0.02,2.0216412796512486,36,1,2.635005548592931,2.7071227137810996,3.0,2.8741382596037894,0.02,test,2.7561705489937736,heldout_donor,NicheformerAdapterProxy
D10,D10_S1,2.730612914672575,3.0,2.9708740899690382,0.02,2.315840847406221,36,1,2.635005548592931,2.714080138728326,3.0,2.825330291581729,0.02,test,2.7522556144947736,heldout_donor,NicheformerAdapterProxy
D11,D11_S0,2.6784819545981122,3.0,2.8399493638281914,0.02,2.238480663631093,36,1,2.635005548592931,2.660895442372304,3.0,2.74588448204025,0.02,test,2.7059430889150793,heldout_donor,NicheformerAdapterProxy
D11,D11_S1,2.5950821096205634,3.0,2.5645155838330904,0.02,2.207088730736489,36,0,2.635005548592931,2.590538962132202,3.0,2.4854519769471133,0.02,test,2.618508642915875,heldout_donor,NicheformerAdapterProxy
D00,D00_S0,2.538034696940899,3.0,2.162011236998584,0.02,2.485357752906475,36,0,2.635005548592931,2.5002488581733724,2.9441967955332373,2.162944485929443,0.021549781848832786,train,2.5177836562662264,heldout_donor,CausaFluxSpatiotemporalGNN
D00,D00_S1,2.5304095237065005,3.0,2.1632383214009834,0.02,2.4455139685711256,36,0,2.635005548592931,2.4976558503273374,2.988206962794159,2.169050769864634,0.02,train,2.515443598829322,heldout_donor,CausaFluxSpatiotemporalGNN
D01,D01_S0,2.708644876383969,3.0,2.813028984044143,0.02,2.4269838042580427,36,1,2.635005548592931,2.6882261470427635,3.0,2.794099550731768,0.02,train,2.7113008848101465,heldout_donor,CausaFluxSpatiotemporalGNN
D01,D01_S1,2.5630693965649383,3.0,2.3626097220754763,0.02,2.3296933719190243,36,0,2.635005548592931,2.5459339772044145,2.9855031179236615,2.368830504746851,0.02293506731650515,train,2.574109247282996,heldout_donor,CausaFluxSpatiotemporalGNN
D02,D02_S0,2.4834796600726627,2.9011827004525115,2.185356862484984,0.02,2.4170602117983093,36,0,2.635005548592931,2.463089930247258,2.8598901473001046,2.173697557921222,0.020965276598128177,train,2.4997702483388413,heldout_donor,CausaFluxSpatiotemporalGNN
D02,D02_S1,2.4800367430973194,2.93842087304516,2.113745730699633,0.02,2.4107295971987264,36,0,2.635005548592931,2.470608539140897,2.924836109609939,2.1287098215330973,0.02,train,2.495504012435292,heldout_donor,CausaFluxSpatiotemporalGNN
D03,D03_S0,2.6220127059345546,3.0,2.460436040618302,0.02,2.487453072807149,36,0,2.635005548592931,2.6027925888964094,2.9817198445431843,2.4727268633395356,0.02,train,2.617426680896596,heldout_donor,CausaFluxSpatiotemporalGNN
D03,D03_S1,2.6362620617768506,3.0,2.5531047265090057,0.02,2.4289636917716444,36,1,2.635005548592931,2.6213449528557855,3.0,2.5536732079001094,0.02,train,2.6393561658071185,heldout_donor,CausaFluxSpatiotemporalGNN
D04,D04_S0,2.6660273486414945,3.0,2.6086691022910515,0.02,2.5,36,1,2.635005548592931,2.5909631871109147,2.864407775916327,2.5970068258431778,0.05038631567460012,train,2.6594845443807142,heldout_donor,CausaFluxSpatiotemporalGNN
D04,D04_S1,2.6567807598838047,3.0,2.5756455710135873,0.02,2.5,36,1,2.635005548592931,2.593987552525049,2.878220306615797,2.5752806035196243,0.036474797138034726,train,2.6446175804216945,heldout_donor,CausaFluxSpatiotemporalGNN
D05,D05_S0,2.5792531569528556,3.0,2.3093125578168494,0.02,2.485228203820689,36,0,2.635005548592931,2.544506873634601,2.964815130666243,2.3239190869365314,0.037426652495323676,train,2.5804149909009855,heldout_donor,CausaFluxSpatiotemporalGNN
D05,D05_S1,2.5954932363310825,3.0,2.383088631370205,0.02,2.4631420977371263,36,0,2.635005548592931,2.572033423379879,2.9921238256722815,2.365794342856061,0.044951558404319365,train,2.6082593229236486,heldout_donor,CausaFluxSpatiotemporalGNN
D06,D06_S0,2.737304935701948,3.0,2.874967164975282,0.02,2.4835706475443455,36,1,2.635005548592931,2.7136943375869538,3.0,2.8427787770243547,0.021570941887183545,train,2.733724340746903,heldout_donor,CausaFluxSpatiotemporalGNN
D06,D06_S1,2.7288220417181046,3.0,2.852375285921557,0.02,2.472784808300342,36,1,2.635005548592931,2.7107306952392256,3.0,2.826461736001458,0.02024377197724597,train,2.7284358696665074,heldout_donor,CausaFluxSpatiotemporalGNN
D07,D07_S0,2.755850059794679,3.0,2.9294644992667096,0.02,2.5,36,1,2.635005548592931,2.7494991723111246,3.0,2.9213544115105137,0.032982983895307634,validation,2.775431418050273,heldout_donor,CausaFluxSpatiotemporalGNN
D07,D07_S1,2.766697560708386,3.0,2.9682055739585214,0.02,2.5,36,1,2.635005548592931,2.759904444336512,3.0,2.9473770446994916,0.024368764451571132,validation,2.776808992336594,heldout_donor,CausaFluxSpatiotemporalGNN
D08,D08_S0,2.478429668068408,2.9705759426718443,2.3732997396980955,0.02,1.962146442352279,36,0,2.635005548592931,2.512679932112947,3.0,2.3502074874308323,0.02,validation,2.5506239799107084,heldout_donor,CausaFluxSpatiotemporalGNN
D08,D08_S1,2.456240817627459,2.9465666799994072,2.3067443629179514,0.02,2.0020019480535853,36,0,2.635005548592931,2.4958900962463346,2.997042238961643,2.2977913769981866,0.02,validation,2.5337854943277383,heldout_donor,CausaFluxSpatiotemporalGNN
D09,D09_S0,2.6337490354090116,3.0,2.7770751419634347,0.02,2.102839978296247,36,0,2.635005548592931,2.6398564463909717,3.0,2.7626705496366872,0.02,test,2.6807014816843413,heldout_donor,CausaFluxSpatiotemporalGNN
D09,D09_S1,2.6898721530666405,3.0,2.7586757661219012,0.02,2.4092146927625415,36,1,2.635005548592931,2.6666870376384897,3.0,2.7543638404549986,0.02,test,2.693802202400793,heldout_donor,CausaFluxSpatiotemporalGNN
D10,D10_S0,2.6763294975454004,3.0,2.98714729148268,0.02,2.0216412796512486,36,1,2.635005548592931,2.7024702038353228,3.0,2.988916832937922,0.02,test,2.7482303014277383,heldout_donor,CausaFluxSpatiotemporalGNN
D10,D10_S1,2.730612914672575,3.0,2.9708740899690382,0.02,2.315840847406221,36,1,2.635005548592931,2.7280676925126826,3.0,2.9741399104756203,0.02,test,2.7596980253718777,heldout_donor,CausaFluxSpatiotemporalGNN
D11,D11_S0,2.6784819545981122,3.0,2.8399493638281914,0.02,2.238480663631093,36,1,2.635005548592931,2.6686475098019553,3.0,2.8575237760877368,0.02,test,2.710371524585619,heldout_donor,CausaFluxSpatiotemporalGNN
D11,D11_S1,2.5950821096205634,3.0,2.5645155838330904,0.02,2.207088730736489,36,0,2.635005548592931,2.590670411544763,3.0,2.5882266504479645,0.02,test,2.6281483944166424,heldout_donor,CausaFluxSpatiotemporalGNN
