row_id,z0,z1,z2,z3,z4,z5,z6,z7,z8,z9,z10,z11
0,-1.9255049452975455,-0.05123733397424561,-4.487214129303871,1.0899288562255807,1.1340665372347283,-0.4313676125658464,0.2569298934051114,1.0072681607554328,-1.7091558509850224,-1.1194993257341974,0.24703962806507485,-0.05342665400830082
6,4.135254518430478,2.256723196412497,0.6530457901893386,-1.1579750724406253,-1.4845154264501517,1.101359897468595,-1.7026786650840962,3.6684076710904123,0.08073795469515913,-1.968131649613556,0.04726861228061585,-0.48259335874962245
9,-0.0666227234029807,0.07947553770975896,0.39148767140287116,2.3682839787729097,2.0252331649810285,2.783587425200928,-1.9451878590505458,1.2137088617787075,-1.5518816693126625,2.3722232255587103,-0.5151528443140861,-0.47876046198479605
13,-1.8349031491202554,2.9811589404066505,-2.2389039259956753,-0.8298732829718404,-1.1058090715659852,-3.607390773262507,3.167032306686767,2.2038823782077044,-0.908279336367721,-0.4391197382973858,0.3100452242294293,0.024698193834708226
17,-3.0153732826452746,1.1525286618656987,1.2720785907305852,-0.8363642161507647,0.840942736372287,1.1326057361741617,-2.198622219152911,2.2915380397797547,-0.6968933501183002,1.8426582169200332,-0.9967411480780899,0.40428170931750784
21,-2.4170282918840047,0.22347361697402224,1.4436764724924056,3.8263980409286438,-3.6770466550688456,0.43635756816962196,-0.20887755232457578,-0.48456973872973996,1.5339535223148602,-2.8379866471911406,-0.17367203810110243,0.3037569704755673
23,-4.77294982359014,-5.7819877681659575,-0.7075585921616593,-1.1660385931033772,-0.2951175357486046,3.653531860805899,1.7068843182024198,-0.5951653546602323,0.40200005797882865,1.968339856967261,-0.004056351273807768,-0.11348456723562672
24,-5.302178081964169,-1.3501393292152284,3.839752444856651,-2.245247619740073,1.2784752806922726,2.3593271969748053,-0.01176399963871511,-0.20123063755338935,-0.9311666288619498,-3.0417981345011946,0.044591481626826246,0.06837203755762422
25,0.9695742659683337,2.132829692852525,0.4052895641263122,-0.1015456681718339,0.40721057866559174,-2.2719597087583683,-2.778045273333562,-1.8804075037338728,-1.068692862557088,1.2649128925049435,-1.0849758402575624,0.49410663593224835
30,1.9336500622599169,-1.3823261763615666,-1.0481593367202984,3.467538031792697,1.5425726711316894,1.4398046705845788,-0.8810843350450863,3.1471170347177084,0.5625661268778002,-1.4807052850302025,-0.2179774560434986,-0.2899081041500019
39,1.1545276230972812,-1.2230973800707745,-3.1071943266126287,-2.7593712665455743,5.280532195877057,1.186381811297737,1.3363486600367682,-2.858847306997769,-2.626529581913642,-1.8160995108825881,0.026256427816857886,-0.427104898646044
45,3.763398934053949,1.3996192038227584,-0.8954711293433962,-2.935731709302762,1.8389466862346382,3.066786397344344,0.15177263339545843,-1.4800697438696304,-2.3580901457440486,-1.3157009653395941,0.3282080391038009,-0.7235672374809642
47,3.087711871431489,-3.5838306257480874,1.082985220419105,-2.0087342134216843,-4.538549755420963,1.3807726957700508,-1.94694670372244,2.4293368402151145,-1.0269834991731424,0.6207080307140933,-0.3887585812045766,-0.026359829262892542
51,0.5192125545431311,2.2645136730688282,0.2596206628727185,2.0024121721177615,-3.090490416621472,3.101334950856542,2.1056227846449045,-0.8353914744561608,-1.1458255153076895,1.47972152522379,-0.06800394296348217,-0.6092297082966076
67,0.6294480228789422,0.07423245072392784,-1.1036384284544047,1.7232749698165668,-0.32694372344981265,-0.3298911573683937,-0.8947126079705213,1.8184894604925146,-2.1194233667856497,-0.27808556507828386,-0.547687489466956,-0.10384005274182873
68,-1.285494925805726,0.46387795143898397,2.413452389173016,-0.1998592317440123,-0.8104217991377293,2.3430853383057846,0.5121315312861877,-0.42245435002778686,1.8516083090070348,-0.21487353669426645,0.4191781219002284,0.9756595631784175
69,5.392417576331603,-2.151205465252991,-0.34550446141324587,-1.4701435443882003,0.6117920892365745,2.472801242749502,-1.2734415765404148,2.5910785264156706,-0.9390672082579865,-1.301939649118025,-0.32125431908044055,-0.6251795290976665
74,3.912745569149902,-2.947047492637611,0.7467061777414299,-3.459192702389708,-1.4033294297186354,2.237275617415757,-1.044405911561932,-1.014019267277797,-1.807682288206542,1.9192854399705992,-0.8224188862733888,-0.4668750117882278
80,4.768984014955683,1.2083807351801203,0.9809483765544406,-0.7426327190365039,-2.621696933017023,-0.36083044157117417,2.2336716323692984,-0.9377771593559534,1.8303195356459963,0.8761580595992845,0.4514218358451947,0.2653548300762205
83,0.7451894804041128,6.799320708489658,1.055603228460525,-2.4584507007817447,3.0259157620499835,-1.9198985764498495,0.5767986929712327,-0.2679186448342433,0.7598712458020633,1.8434414085179578,0.1560443752449086,0.3923393893503363
84,1.2977959750102377,7.140706758256992,-0.46075238333810825,-1.0027601243499846,1.8646873886356592,-2.1909622352111624,-2.8971873140793316,2.252716347848402,-0.5682486252828202,-1.4789582445185911,-0.20042859691023468,-0.06425033300239336
86,-0.2259818262459919,-3.0819015242734467,2.364453793895327,3.684731434633502,-0.014778995801256013,-0.3763817580191528,1.8108338730965003,1.1333311717566392,-1.6490132085283562,1.5741827656441942,-0.1401331175216367,0.29006318430730693
109,0.681132937166318,3.3863231715448485,0.14153893813000684,0.7039396512387036,-4.337968326245657,-0.581702781139189,-0.453336358503052,-0.8366514542732532,0.4224607750048195,-3.0020039046332156,0.17688352026661425,-0.08682988722742635
110,-8.80838583268663,-0.32399137346067114,-4.032750977249048,-0.8864628169748742,-2.7071874899989616,2.36236745798192,2.01439847023071,-0.6541884885900281,-1.871560776062817,1.60973916987514,0.09808156479196728,0.5716491823998684
115,-1.7755947830662548,-0.4434485202308766,4.309041255034628,-4.170910795585922,2.3728036991953094,-3.1484054102850276,-0.3577638036771791,-0.4192136357815986,-4.15758877267359,0.7847695070822418,0.4734289932689088,-0.5773459921999401
129,-0.2247380701162441,-0.3059887122652514,0.8973849120951027,2.481317407461897,1.2852761771368335,0.936535412667621,-2.8953082826797236,-0.82461183673488,-1.106085398384209,1.6762898500464554,-0.19521639928635293,-0.21065275067635636
133,-1.5328391097094531,1.5753841365731325,-0.3146924870029142,-0.3777137085671104,-0.41922604975851974,1.880603727616825,-0.2818165400638669,-1.4785347712090167,0.41753506107368155,0.08909166950087113,-0.10549488494096693,-0.40209232346165047
136,3.1930282319886825,2.806847272388846,-0.05972663811313003,1.0862038672907917,-1.1909407599036774,-1.3394076801914356,3.4092163310943797,-0.6533114203930237,2.3656268677366157,0.3197564055157712,-0.33615166465005714,-0.056494198874139645
137,-0.7476264756047617,2.9154529100255897,-3.1928624330829964,-0.5995962027622644,-0.9886654576153338,2.202720733215403,-1.812869215128224,-1.0782767555558648,0.3906088300389575,-2.2960441346146134,0.18144268874823338,-0.32137683317516186
139,-2.8534124692485956,0.33247203629750244,5.208709696136065,-1.5373042609757088,-2.2471975736243506,3.3043568582769303,0.7473848957678415,1.720873828138633,1.7296482284952033,1.6361197481200866,-0.1462833596266746,-0.44667799619890014
142,5.404399163072731,-0.13756161546032009,-2.4861868996512633,2.3773204852222505,0.36313311695754863,-3.84962340909035,3.157062995192527,1.9649225263292545,-0.9173804484267832,-1.615579253365847,-0.009713580846532066,0.15487439285893126
145,2.5457417869819325,0.012102450836434039,-0.4774225099120714,-1.7490062912636957,-3.11385351851683,-2.347507476867068,0.354642119250979,1.5454839102725644,-1.61117054289577,-0.429967160520763,0.1676704614739668,0.1997844732543736
148,0.7598382871773679,-3.644347371580228,2.6913481178514522,-3.077677736781889,1.9888352364668693,1.305175939694664,-1.354119768421082,1.7945959611957014,-0.09264416716465651,0.12873449956723043,0.07801748042104772,-0.33723061967215817
152,1.4141798282489502,4.925933088980034,-2.9621978286008726,-1.545392228178582,-1.5467455577978362,-4.44128464854057,2.912069402870658,-0.6468260955621364,1.233294689401085,-2.3950601271754977,0.41860182353354963,0.23435362951029481
157,1.1335663609811037,-1.1983222746219495,2.4029514725461345,0.6208703126764851,2.2590036745864803,-4.084296286670663,0.10468268946999969,0.25714739645710755,-0.0767283722545955,-0.48852235270747146,0.3266841522421111,0.14897860871117968
178,-0.8382463250889649,0.3910150886050012,0.1810067815859145,-1.7452713787608407,-3.8902002919680143,0.30148622540547587,-0.10288925018060913,-1.7432209469321143,0.4539006172379804,0.8951796310837763,-0.19608994807674351,-0.24521784050884876
185,4.904036406449626,-2.322523086139176,1.7277388448782622,-0.2174653395306568,4.160192973674533,-0.6417409334124373,4.444868692653712,-2.5022620724562104,1.2897679923623986,-1.2974800846400336,0.9688438360889218,-0.23904974969241843
186,-3.264503518927677,4.355602840301126,2.429710255510701,-3.6709630429813966,2.1881710509409427,2.2426982287660127,0.794454717504276,0.03478368382718667,0.5583916730935841,-3.0773947081462856,0.689564443078778,0.5926558274175886
194,-1.5280904101741788,-3.064892330209207,4.835462578669239,-2.4245635883625805,3.7151552845994966,2.6933497471429106,0.5392689421081092,-1.42719871393223,-0.21931446889345368,0.34191171428887607,-0.024704792476800574,-0.05024513586077711
197,1.785609909594097,-1.475577534982395,4.714951553731894,-0.8508021057129992,0.07251017953669109,-2.301822334125346,-2.6380443954664354,0.43896743964267265,-0.22278944921384913,-0.5818950283135671,0.6101485674598075,-0.5301910759165842
200,0.9008197010715069,2.2244716496770613,-0.6870067575710141,-0.3282367184834053,-0.23860711994815528,-0.6337143825830829,1.1630552623780195,-2.5895134330278546,-1.5724823307970044,-1.380882266520032,0.5995145362740678,-0.2529316888961569
201,0.051166252485587836,-3.7004221554370234,-1.8464339111653074,1.9511276204224084,-0.4538864298914345,0.9541048276792397,-1.6915075550294205,1.621562197016245,-1.3700679229663,-0.21768764466316504,-1.1286945985427472,0.5759793768515518
204,0.21935672736113962,-0.30770221544243787,-1.8123612775607107,-1.9519658377316058,-2.825895232517875,1.9912920596803771,0.8756248372339409,-0.7957901016539444,1.0601271399802479,0.8648745837725416,0.1729463154191787,-0.09444178902867773
205,-0.6469258498057798,-3.510176130954412,1.9644642783480286,-0.015517691084911831,3.9355597772530384,2.9890107824288523,-1.4145628252879758,-1.989449463765516,-0.8028860002632812,1.3867054444739955,-0.3491099725095022,0.15949746332912026
210,-1.2290691143538934,0.22503804976159736,-3.2030359443909964,-1.0909091202483867,1.3508081531139209,0.7760623174808509,2.9155696069942545,-1.4352355046192213,-2.4822982755461593,-0.27389381128652235,-0.2929558634959893,0.22891040253632322
214,-2.279014948233506,-0.00601458010031082,-1.66149758070392,-0.15927251839346887,0.5627300755852225,-0.15718061831837848,0.8945509962469919,-3.229339343407569,1.2395425420351902,0.9989447844579735,-0.03430869481983527,-0.24788919382543217
218,1.3003464044343493,6.608721966156608,-1.563379634203296,-0.36437470420152107,2.3021327755684657,-0.032446449774354735,-0.20691402992271754,-3.6313137821736556,-3.9869487441658236,2.2002002436346286,0.22013046843560957,0.3268088137368963
234,0.8815705840574681,2.543692136182657,0.8326966073153648,-2.50536716636591,3.1471878891174376,-0.5474530830948255,-3.3700511785098537,1.0061525895597623,-0.6360430797009099,-0.3876081254007149,-0.029155290332917527,-0.5197099788373477
238,3.318337560207561,-1.0612168326392957,-1.7787358786814123,-1.149594211874242,4.388011428964032,-0.9565705395425228,-2.069926306476019,-1.810401615795889,-0.94520266485538,0.9082644220341092,-0.4907512828112187,-0.6608886948275831
259,1.6975563895679386,-2.441479112493187,-1.150148991168176,-0.27979372419783666,0.9669220073087509,-1.3459336233082786,1.5003287961276564,1.810842346526415,-1.104301694827881,-1.2756967090552278,-0.03137273236033433,-0.03964372210568312
272,2.635835298413144,0.6219387881276407,-1.121198642836017,-2.2337220928557335,2.097357006281435,3.394833718707028,-0.246579036379602,1.3922970579294691,-1.0064271931648423,1.9705795628568892,0.01583034132060629,0.037646037536577415
275,2.827709947552751,-2.4778361023928546,-3.3637126515749283,-3.650946716409106,-2.771567545707603,0.9860289024832662,-1.7696577242118874,2.1062471366550577,-0.7556874179292733,-1.9190639741579654,-0.16404573996561794,-0.4627102499739453
281,3.3050318088414326,-1.6150971845785038,-0.2834549368145709,2.7852994836395086,2.54324557125412,0.07945276643942399,0.7027202428115196,-0.6434640409209026,-0.9884250856623136,2.421166896954653,0.3335447387207602,-0.11016865116852476
282,-0.6218770064567368,-1.334250574697249,-3.8220527343307915,0.5442929801861747,2.278482305922492,4.509501698499948,2.820945835777745,1.1482874079066936,0.9097177437061892,1.910865981435371,-0.15509196394013905,0.6128409801293695
285,-3.1721530365159807,-0.7654934859719917,3.2024521663134653,-4.6535428184869145,-1.9020568308837604,-3.0803734682447526,-0.43292223021126236,1.524183474853931,1.2042775766067813,0.4142793437463128,0.2155314699369265,0.3299312187058029
288,-1.8004238308465117,1.9868512005631982,-1.0274647903946907,1.1456738445400805,-0.9548745644075478,-2.0753609436391476,0.9895239222996167,2.199164787700851,0.1543618735423567,-1.8212307535187509,0.3963619988725293,-0.1368129399073018
292,2.3702844519862634,1.4023272794111032,5.449606034065055,-0.5715571282387456,0.0613101646202798,2.265705792538348,-0.7537118595822536,-2.097650398645474,-1.1621323698036035,0.7680634323901667,-0.18470578776299862,0.09963442508323828
293,-3.167030451875922,2.5201147336243106,1.1136964615408662,1.603336661825083,0.22789597856401533,1.272281043675792,2.321972969569978,5.255455097662559,1.3078201254947674,2.312475313167402,-0.841174965459553,-0.03927158908148842
310,1.2072581323712452,0.8826027244991813,-3.320342497371706,-0.7432946055103022,-0.2715763969048174,0.9595763353746622,-0.4429514949866743,-0.24157526358319784,1.4238750916047045,1.843106422295527,-0.20195240864546363,0.10367659837933824
311,-3.9264712265664277,-2.2512716700562945,-0.19294295521341487,0.7173672576563438,-0.9564030587193926,-0.20840150570033647,-3.0035730326266536,1.4131330669419144,-0.9423325874098929,1.59329058164082,-0.9407988633070177,0.11166759802732851
317,3.936908167092938,2.3073866245427066,0.08343253241355401,0.4904146578013935,1.3843140044810602,0.38723434034016607,-3.3304504750850605,-0.03947510770582093,1.960140685304191,-0.12028234053018705,-0.4229147156901861,0.3759387189255229
318,-0.25511566109103884,-1.379418954534463,-0.2532887128013005,1.8375258865861832,0.929123349321564,1.937224835409485,0.12549387218646715,-2.3213983409595516,-0.7391013831042719,-0.6352116880532455,-0.49749923186095746,0.09267036078227997
320,-0.9510876852569959,-3.2110014608380806,0.17808458884996592,-1.0080935067958827,3.74642755973691,-1.4485128371741247,0.6888709847117696,0.5162709703445891,-0.15052416650180006,-2.467269231042711,0.7828034658281035,0.3477935803528681
324,-1.239683068773679,1.9057661048947847,1.762113651003182,-1.411771495418045,1.3511696247283098,-1.8575529734979146,-1.8814822690712145,-1.4268922614826345,2.5366024651645693,0.5461683359309569,0.5006137764750681,0.4289452322091432
326,1.6830283165534254,-0.09543419048607213,-1.5618056516513632,-1.884336106283698,-3.139924678492673,2.8112605320826534,-0.18888869829388957,-0.49403027214227413,-0.5121164703406482,-1.288103072396185,-0.4049085228520688,0.2968843127673906
332,-2.6037863831194348,-0.14121381358380503,-1.891371187243334,2.216745486416401,4.096224268335912,0.19620022278769095,0.3085409367958114,0.036712322479096116,2.001919471204255,1.7055529682218884,0.6049862566290982,0.11503126304185785
333,1.3640596607938424,-1.8876932539686537,0.427110406271564,3.4108283550522382,-0.3699609943349101,0.3196965318322176,0.8013244534822469,2.783689710227783,-1.160401665872088,-2.0515694265919615,-0.20001770564415888,0.03493127033863619
335,0.2184596321005275,4.869342641533984,0.23652170140213838,0.7859057052426598,-0.8450991593106224,-1.7833366024208896,-2.6110488222127994,2.491347532670405,-0.11456962103191531,-1.3625460719897848,-0.22248371673260273,-0.2343134271978808
350,2.6801377940809843,3.1073981913501747,-0.7672912979774205,1.4340332098509052,0.46612174382413496,-0.7727922308357319,-5.3255426051481205,1.1471835437211633,0.6678993136459356,-1.214239742311141,0.22520548573756194,-0.6138492368208066
354,-0.8220177992497827,-2.6458460985009946,-3.9068448111684506,-1.6746345591070957,2.307117169994369,-1.7899183546903852,-0.20755595288158696,1.25982549904121,1.4567264912412419,-1.6514165606868068,0.7656172350557902,0.8982981144020316
355,-1.047747302717344,-1.077344826030219,5.34478941133057,-1.7113213540014065,-1.0297006947679261,-3.228368770898379,1.4724437910289943,0.633165099383137,0.25218646211758844,0.6972361893378365,-0.06821176702101284,-0.0019864974110365696
372,-2.986367669117912,-1.2639451993014745,-2.82805747176767,3.1983745673607924,-0.04687163790400089,0.7861208417222817,2.009522994772093,0.6253096736625904,2.933668700239349,1.9875864397180836,-0.20145212354873687,0.3580267324840323
378,-0.8288283189666242,1.6888309145457423,-2.6559592276589457,-1.5876921250937643,-1.6180015996352994,0.9625976689636841,2.6746665238411453,0.17156572861616848,2.5340340019140757,0.35292508639157694,0.6532722870285327,0.07595644691499104
388,-0.7929618060835153,4.369191002140632,1.9253979042452989,0.9735830145245606,2.9376969632413874,-2.3113937221739826,-0.6035127967684841,1.2777987919068672,-2.129946283063684,-1.774110533805343,0.27109929041932157,-0.3317229598042787
395,0.36222987741132706,-3.384815191518504,2.0106522807050236,-1.5932129534609458,-0.6241454781380664,-1.7383276846485032,-3.0999841319191583,-1.2655939819341862,-0.9108013819792024,0.7657108794645697,-0.9049311247082286,-0.12498622117136715
401,-1.9531718871641315,-0.7889278828958648,3.0355183973895903,-0.5341288021362568,-0.27590827081664493,-1.1495408940266223,0.11473346607733462,-0.13207010411749567,1.5508724152755629,1.1424191312847107,0.06122628639828115,0.19394616767175352
403,0.36870696603714553,-0.7448898975733218,0.33961842563442957,1.0969748365005594,1.4008712261391585,-3.9363235861886956,-1.5995756553017284,-1.4480820887698365,-1.6205262695488312,1.5603295923995655,-0.5058544171888046,0.41016878155673286
404,1.1599223018307536,-3.9960496442808697,-2.0125085943639696,-1.9964405923094062,-2.2795631506332863,2.1348424196302784,-2.806726644653339,-0.07829723116911483,0.5134188824357053,1.381175739425456,-0.3132145796083249,0.09398322550540739
416,3.9199696606668093,-1.1842906962609363,-3.9545979021627016,-0.7977030118043017,0.23448351682363194,-3.2645732693916436,2.018885666531705,0.9343057888278474,-2.324539158602836,-0.674491951717892,-0.05197395684173456,-0.5165636203217954
417,-4.3975705413453126,-0.43610136132332855,1.4902984101237389,-1.6615578362424297,-1.7386521284553964,1.442399507391861,3.6763654252923637,0.7577056048275964,-1.070004402093959,-0.24254449946783346,-0.4139902837964857,0.06663870069676159
418,2.1681504577716484,6.24185797494615,0.8377904221446205,1.1184312561108682,1.4374607777639292,-2.588775497034384,-0.8725673991777092,2.0236465657947824,-0.22913881548309256,1.00791623961437,-0.48587654525528395,0.15695799046082992
419,-1.8009851890112658,-2.3318708200172646,0.6790575153413465,0.10536108773438169,-3.1810313212252215,-0.7493362933078278,-2.5887038994167164,-0.8575546543684908,3.2687125891727282,0.7482459533465,-0.007779698199902874,0.13095928791361322
420,2.648480179172461,3.3241448493372494,2.939202762070177,-0.2189249074571661,-1.3930242807137394,1.4474494396394124,1.6434617856315121,-0.4797688533155806,-1.1096020126681245,-0.6656892057663941,0.5210209338607209,-0.21012453590536984
421,0.5746853862808992,3.1246489849941925,0.45685208838358166,1.3000397375662474,-3.4348774840404817,-0.46567750367866234,0.524951518945069,-2.2954873991003297,-2.373647439744013,-2.1318877888243133,0.46092783259248404,-0.2442425817284808
425,1.2884546546587616,2.550346505072069,3.7214850626473597,-3.2259174816361593,-1.703807403611204,0.17512557845874147,1.7885236752012668,-0.6290842569043391,-0.44737138730032255,2.048129073364666,0.02756345381479819,0.4901938945141071
426,0.4432945155977693,2.3974573119819036,-1.8502249086442122,-2.9462610779399796,3.140932343586659,0.3505888526442298,-1.7864475843879166,2.0210667838031275,1.3319015477302674,-0.05054332377598611,0.05097868225763082,-0.15214953466142256
435,-0.7512919992298137,2.095923471811724,-4.0102013255942035,1.468572705241589,-3.157975830199603,3.3482966661112337,0.266920748960965,0.5264001342180399,0.5443541224935158,2.1292619754883635,-0.42122131677234265,-0.5406111243098629
438,-2.0797992916902617,-2.9342030536917347,1.3391162393598677,1.7333423758908704,-1.5276428831997277,1.942182345190902,0.5956089734144153,0.5451346788118623,2.319642690647772,1.012238363777088,-0.23302488912384495,0.19714136541400507
444,1.3440261850554178,3.146327897669032,0.15520298680840472,1.864924992104503,2.0108703823386143,0.28021856098031794,0.10247396042537874,0.8230393614155495,2.0570046881397746,0.8142030448551042,-0.9429248629054215,-0.2178368508764121
464,4.077074165991216,1.3606316580328846,4.853005371763003,-2.4059075059015895,0.9630489071654181,-3.6653933210485414,-1.533919519520269,-0.7781291353110761,-2.3243353425209103,-1.3277096821224603,0.22962683122652644,0.25753732523676454
466,-0.9375520397562019,0.8300026343592252,1.4539245792739766,-0.5506634996743206,-2.0326016319107985,0.23499189034175763,-3.5166169172143413,-0.4020165763212034,-0.18617817893540128,2.1344256579147167,-0.45901664666007524,-0.03696256998105041
476,-0.5761699632534096,-1.8621310126033979,3.8726527294738107,-1.7390794387963497,-1.221760566161748,1.5176020687660092,-0.4184500219707996,-1.7872822925223644,3.5556763952404578,-1.682631181203369,0.42879243111929544,0.3133475013404816
480,-0.5767354719827932,2.53845117729173,1.9298096485399125,-3.3692216625833935,2.158391251936253,-0.5806491466924146,-1.6161784481206536,-0.8758315096950826,-1.2467007819861566,2.1349657774544406,0.07703713409337609,0.15024325834513796
484,1.364086410260852,2.713912854782535,-0.1603058743721828,-0.780893727743914,2.2494783468538913,-2.050081698789295,-0.12060544979282274,0.6920400287427463,-0.989078816054721,-1.7893623020337235,0.09789619099453839,0.23947451790069144
485,-1.5501405946997184,1.0575074444892016,2.2401583124891395,0.9257121924496851,0.7221304966271566,1.8397342846362206,1.268772926548754,0.3664079442270325,1.8906748177534058,1.6663884007878016,0.3922198781580287,0.48071142558959995
487,-0.1510984537056804,6.819952072445274,-0.32714262367758956,-0.33580575499289317,-4.590830954404556,-3.534493063493654,0.33005563353077944,1.5748926923826139,-0.8929858533894307,-1.4537820374551433,-0.06171652660875271,0.631885015376501
488,-1.1650172073481637,2.4937407987004123,0.6628477514372277,-1.920567375960775,4.116171943915113,0.7332757438265497,1.1547958913977605,1.4193123560768717,1.9498256183063354,1.57009341085008,0.20405002009949813,-0.03801814113329508
495,-0.3485178404653792,0.8656409694269933,3.723118902456724,3.211500787524999,-2.0729401738401925,-0.2446392442864029,2.6913932221116252,-0.13001197790831953,1.8822836593093064,1.1815540324692844,0.6039522505548739,-0.44306050619127435
496,-1.1314533179804864,1.6389486458460976,-0.08068204539937142,0.15512857559905827,-2.4426818824425642,-1.7375554943435483,-0.678009284942208,3.2552859123716336,0.9591303753569015,-0.5756266141290673,-0.2164097419519593,-0.7456228020941613
497,0.001983663886077653,-2.225514470237691,-0.30136473813497766,1.9901650880635169,1.4796048071973242,0.30397848999306687,-3.782498420872232,-0.5085859971337038,-0.6521041394891556,0.3146711635903748,-0.5631218512952993,0.06944475051123256
505,2.2076949286389698,-2.164197157382551,-1.1083050491969146,5.759655712730447,-1.3002285240404345,0.7086800931496313,0.4755167412502142,2.021704753376388,-0.5551586201584309,-2.232785963097528,-0.3756616869840743,-0.647996533610212
512,-3.063650834544397,2.482803494370084,-0.6079840826413873,0.7638915377819352,1.7790557179323179,-0.09243986657221968,1.886919632410436,-0.26164076939623354,3.137968332747338,-0.1809890889593181,0.3173795169380859,0.44436056641619354
516,4.636802704348868,-1.6265419093523918,-1.7772732903346098,-1.396744852560982,0.45902921591409923,2.9883155831081725,0.16230866935169105,-2.616515748206464,-2.490153947970575,1.7060031445018677,-0.6830250512220322,-0.8370182327319209
526,0.335158211346983,-0.09855770119496968,-0.7329806999455877,-1.2053509543987033,-0.3694344272463329,-2.0238790605994312,-1.6383155754712755,-0.2996624874411695,-1.9235769949762531,1.731013718306049,-0.41513487149912576,0.27027431899959625
529,0.5229160990392238,-3.2982200614887023,1.5730359857419147,1.7302873891957085,-0.7694763701341831,-0.7443071087065005,1.3786383298180576,2.4117194635385615,0.07568080797142573,-0.967673520779667,-0.23315168616445875,0.07310022665705862
531,5.638502405218381,0.3146704890027161,1.8318312238462837,-1.0546503999959815,-0.0916926904507224,-1.6343776060284618,-1.261908265478325,0.9203670635923206,1.8696145488137748,-2.885613157474843,0.007604626112806878,-0.3230324303819747
534,-1.6962712608079482,-3.8437423672852478,-2.554959426847517,-1.8368940978843789,1.234468931656085,-2.5271661828401646,0.24361426571861994,1.4766597602652025,0.9457456642947988,-1.0624665307758314,-0.08673206181823617,0.24645440325612067
545,-0.04246414851807813,-0.2302111510852696,-2.350631999296666,-2.247063852247923,0.2998091362022109,-2.0034718984426427,0.32061567456810436,2.498560715793926,1.0276248928894376,-1.2284677672856994,0.07618053689638965,-0.02911393406096907
548,-1.2141598282710064,-5.356195835231678,-2.12267088733655,0.13535603681989233,-1.8948277708791372,-3.2171258799226585,-1.7902576110148338,-2.514345653564187,-1.1427793720124397,-2.554894436024143,0.15299021401009902,0.16638341826186265
557,0.3775109445531033,0.6893305732114852,-1.445627650131317,-0.2853992088655391,1.382927307736557,-0.044434172213207085,-2.712222474414249,0.4700654333784246,0.9369860780340891,0.4867834389033408,-0.4696530404505077,-0.5076661316309168
564,-5.74139887847576,0.5250480411837855,2.0706097072431877,0.31504742721585677,2.6713272890929862,1.695563070289181,1.8191975726888796,-0.6930098757424054,0.2717193741256709,1.058302896224509,0.19057676512447913,0.5972853067665201
567,3.5142009262382294,2.2321598139043957,-1.552834727656237,1.1613793690021734,-1.8861368224819246,-0.18560237532138246,-1.3613155300558002,2.9492993654440993,-0.30365042323088964,0.47329024502203176,-0.09098910934201776,-0.6789299330509275
572,-4.289778948518889,2.3309945353409245,2.5857836847904396,-0.3143457845391354,-0.6009786983884982,1.2280405030257797,0.1462419087156996,-1.2867152849339674,-3.246159735909438,-0.3254381310649529,0.2671430607761035,0.13075648804211748
574,5.066107448529946,1.8358684928818327,1.1559308179920786,2.463873529504964,-0.2546620141296183,-2.9894724044991285,-0.4693616410870855,1.1268892523537215,-0.10018966637262261,-2.6706822747388306,0.2798071365936038,-0.2750963152977529
578,-3.756776594719032,-4.167901419540266,4.7110076100615,-3.7106278361349534,-0.06320100534369885,0.10931704018355602,1.3164586999789678,-2.8246539207559986,1.1315934595739001,0.08477827997151194,0.11937063922408231,0.13186307153641186
580,-1.91848240344031,-1.9568278762671045,2.4190491228327287,-1.6485416277039924,-0.6620543465279007,-1.8070809052132324,-3.6955681704051138,0.22304433575269467,0.8409632051717637,-0.2648467300317576,-0.045076909126407605,-0.09870353848543822
581,-5.565533176490906,1.8610500268231538,1.314509472441104,-0.11360612568335676,-4.146754852507616,1.5524469258463685,0.8776432048716195,-0.8135390573070209,-0.04672958815931871,1.1018905075689576,0.4006332335936343,-0.22591122547478043
589,-2.548602280583466,0.10092563856972778,-2.2510468478402705,-1.380064086468709,-2.4862218979498603,0.2708728709773878,2.5126959202095582,-0.40564747385882904,-0.4963824182643055,-0.9242120299134501,0.4631165054792913,-0.19749690261310504
590,-4.137534417574015,2.6274846291823835,0.43029951154568824,1.5367122023583115,-0.5933076912398403,1.1686751364887042,-0.7139972233647139,-3.5513437803758636,-2.529750204907695,0.8100666286050052,0.6211947319496077,-0.13341512995986748
591,-3.179490964450991,1.1132216724617299,1.2733571085194357,0.022794047950148423,2.624040805417079,-0.4353402164619966,-1.4489846680759904,0.3329262646676631,2.8922666804700525,0.08537523506313255,0.5338278673265036,0.714655720334596
600,-3.8736201019834136,2.193865027003874,-2.847204709992197,0.5022437540531035,-1.307340850710158,1.910910533751661,-0.08676192916769034,1.2211995123124841,3.8197007327190864,-0.024984804654362813,-0.3293503955994144,0.31727986945402126
619,-4.864051337785049,-2.494519654411816,-1.5119275516708146,3.984587084756076,-1.5043746795672308,2.040636924435567,2.266600576897413,-1.172287355011524,0.2455432551757616,0.6147414509407798,0.03356492848837106,0.08031915110893634
622,-0.7928816435745991,-3.041513379129822,0.8050985992638202,-3.316603877360949,2.451391616407287,1.7124351217742098,0.6954995750916353,-2.767493940036807,0.5250376398955618,0.0716898611544706,0.33722779632375577,-0.0676956702103624
625,4.240192450799097,-2.1544728839854193,0.9766724354883032,1.0425495909706248,0.15901727934386242,0.5408277834878898,-0.10078436715341457,1.82443584338644,-0.9422499077675038,-1.7401177828893153,-0.4341813955275303,0.32678399513696177
628,4.205374735300842,1.3535195502699955,-1.8105785664678868,-0.5607847614990985,0.9343026782414465,2.295882058180646,-2.7181998026186767,2.840104083317791,-0.5560938499039694,-0.3503053127493926,-0.009048206465124553,0.2656128658345953
630,-0.8441737648986191,1.2520430782592393,-0.4838518143079542,1.362108587884184,3.6805525839504165,-0.42522563349626374,-0.5886460464339865,0.06160457107551796,2.3867754913470893,0.6439268531403503,-0.44077597614261965,0.07837765209620326
632,0.8669296886574649,-1.9917468024268472,7.0176264171774925,-3.70131405836292,1.7607552932467452,1.367819108805247,-1.2395987693100263,-3.1949447388470853,0.6644812541281275,1.1588336353135995,0.3051117257907199,-0.45562311860839255
633,0.3652519773692511,1.392261804231524,-3.2846088618518605,1.2615672263301023,2.367963392231395,0.20762138237978744,1.2519625618307155,-0.6879941581090898,0.6470235434886136,-2.8503931782204566,0.16706011346524718,-0.018957320067101685
635,0.41021200981040035,-2.8488923332119866,2.321292055034268,-3.382205268216587,-1.0348888612221503,-2.37375076223124,-3.4414049394491175,-0.4873338273858669,0.2056546520747634,-1.1004372210083844,0.13267894670259428,-0.22194452632950679
636,0.9988788913293121,-5.234628646054893,1.3836100039511967,-3.7584793155175817,-0.07764570279639481,2.844471595151869,-1.0643386251386147,2.544761032401906,0.06387584634845422,0.9426789125454536,-0.0244375058274382,-0.16065268493949203
646,2.1034341987902967,-1.649158436111761,0.9732822172825533,-0.23752868601661167,1.7831369167137867,-2.5349282091891387,-0.9053835616798213,0.027026602632101646,-1.1337688214440023,0.10008852281421365,0.003789808069338596,-0.15228084450092394
647,-2.3323152523472523,-0.47436103947621866,-0.09178761708567418,3.237215982830404,1.00672398924942,1.5333253738155506,4.00878726046428,1.4021985951774782,2.5110095026761394,0.9602856279464423,-0.05573546986002542,0.2618155396935641
649,1.3854855686221081,-1.6725680457556966,-1.298931543337061,-1.1053560081522622,1.187587819341084,-1.3296904853820062,2.7815047910939072,-0.2799913168499976,3.4585224992435806,0.1914205438184473,0.10464035070309363,0.2058842472106201
653,-1.7823463883261712,1.8989298867874296,2.862687383987332,3.2624895624031067,1.3898228715600423,1.5609964784636132,3.493005337220821,-0.3783865438285871,0.9117551589227557,1.5997223537595282,-0.1019475893840382,0.024520082910616553
658,-2.8569840780685443,-1.213938804572275,0.6859244219143094,0.1224086739323385,-4.413263628106195,-0.7150014660205583,2.0093060577497566,-0.06258490904232945,1.4536541560583238,-2.3779039449353583,0.347370425394172,-0.15261878671472806
660,2.2210657012673174,-1.6750193762004395,-0.334441136921568,3.653723619450353,3.7155848267829676,1.136553510210774,-3.4518763084533717,1.6311753612278588,2.433026041446886,-1.2636726384160042,0.07808303398051464,0.04619926160303012
662,2.5344224253243284,0.5424197192614425,0.8971968253616027,1.9917717598404583,3.2167683457833895,1.1177543607700517,0.2825075583326989,2.8143282732069204,2.4998007421425195,-4.417892288197014,0.26778775603565486,-0.07211868009394629
665,-1.6528533098062552,5.960239229727691,0.017024482154707875,1.527118685426911,0.8771804453915316,2.516824197621502,-1.707962691303438,-1.1382145984900163,0.13362043946443197,0.8946453977677391,-0.42930289278412626,-0.37213582459488403
666,-1.127699414152862,-1.5014318718087376,2.143276221840989,-0.8521268452256457,0.8601330344248658,-2.7966093073650624,1.1435285786647962,-1.2519871075919473,3.4617409401033976,0.41481971306574084,0.0013076473054661752,0.037600612236995234
669,0.8483403376838584,-0.574830974697308,-1.3322149940421246,2.093865537610832,-2.2513399479144796,5.29558899905519,2.348234815333262,1.5482805384603209,-0.7598598456826104,-0.3115776408755011,-0.7507517029580915,-0.40298864031542303
678,-0.12288006035373569,0.6902830946353788,-1.7947349423469583,0.3470931385691858,1.9053822142339492,-1.2800864486313166,-1.3902621201079906,1.2765911010137747,-1.1732692773944424,0.4140252786008678,-0.354582617252693,0.6981932774538018
688,1.1639883242314988,-3.6761736704443213,-0.6411102278713046,-1.4333767095374987,2.3742874655768413,-0.42983446232051764,-0.9466427870028499,-0.9611472679103579,-1.723929852045928,-1.8076202096091658,-0.2076617882145556,-0.2792367623073966
690,0.7778184535198959,1.1625301438249047,-1.3729431113782624,1.5982444913479728,0.11477836659868572,2.065312545572481,-1.916645957429232,-1.5362154325389654,1.5940859242390089,-0.6342991157389903,0.17118145743010932,0.367557332040454
695,-5.753948159366633,2.4063504091644665,-3.433523121989536,-0.4856901986347687,-1.3581359321885036,1.2987282568895633,3.061878892041019,0.9453193125959181,0.7826083716213756,2.985929895594175,0.20951255098490318,0.9423410809290409
708,-4.092668383189476,1.7100664968879138,0.3309155922841494,-0.5258799926751829,1.8863275136877482,2.2793737105433873,-1.6296274147932963,-0.496084469386948,1.665473693132074,-0.30236323406928256,-0.19294190420805368,-0.24015912302985226
719,1.2064056850836653,4.690148228741477,1.4411596004156653,4.674356939799911,1.4614735160780765,-2.567901091532524,0.9422585460451803,2.164602566719648,0.47475653004304597,0.8405318729874225,-0.3544661538100776,0.5297662227047957
723,0.6231268342096189,1.1027242730349234,2.8918092445129844,-2.6270044839304223,-4.719519664635669,-2.642451578659024,-2.074174318181528,-2.613344673755317,-0.3304311420849586,-3.5295750735773934,0.9566606950873948,0.07837605263316894
736,-0.6355393574960079,-0.4932388316509857,1.0877758395866064,5.025861824901699,1.301759694030063,-0.07992566020262117,-2.166564253592861,1.112566821901871,-2.0386596026235884,-2.495763762508468,-0.7432859961116898,-0.06942167457718795
739,1.4623889930858767,3.339159554406873,2.0055253688785983,-0.588877259829505,-0.9386060677496991,-3.9336014954361236,0.6285221351155076,1.8753977968510498,1.560193046155397,0.22864572372464587,-0.5656339842601593,-0.2283000566622798
740,-1.8567135157103847,1.7171081237134052,-1.2237596594058384,-0.8242074204597274,-0.7841535121267204,1.4455269031185656,-0.23409880626785792,-2.1155934514109993,-0.268190909685371,0.5337461304786477,0.4275050703279935,0.127282887108291
741,-2.0762738517384944,-0.06610915709333143,-1.4158661503437193,0.5636070879241304,-0.3284485950490129,2.5787065923187957,-2.2184217238879906,-0.4280114686026901,2.9826682701493965,0.054823602160569695,0.49407646572618436,0.21571305562121074
742,-1.1017266102202514,2.222532249766006,2.1066387119554006,0.8778450836549784,-1.0562006304921643,-0.34477764568368535,-2.936983758962258,1.4506993511114836,1.68434758915028,0.7590720372747151,-0.29259766841557766,-0.23088184342634538
746,0.36136356524730945,2.0355241703864526,-2.935910011740081,0.7094550232366712,3.3706491963937473,-2.058137949593671,3.6591410697072524,-1.4088363309734142,-1.9206068022467015,-1.401485282022102,0.3369044291279668,-0.06724299125874555
747,3.1722915600892576,-1.8460753952882714,-0.7583780947962263,1.7954647911819512,3.2487928543792606,-0.09999695876875032,1.7160697715494653,1.7116970616371558,-1.3916051143431203,-0.5675566269640956,0.1684997177506442,-0.2776251885753377
748,2.5740021009516547,9.174532878902717,1.4988122122636471,1.2786067505988625,0.08442664034767146,-0.21890593824938726,-2.0665416944679382,2.900525287383318,-1.1331804297363393,-3.0939381041416123,-0.000750275463698713,-0.07215774797245267
752,2.2328834260084656,1.0211781041663288,-4.293263961756285,0.6634629448180019,-0.08478782576029907,-0.2757996254269231,-0.22491763157835104,-1.9358681435392473,-1.6838360430445738,2.2454771622028136,-0.07663999270146515,-0.48756596126695306
754,-0.5191316294548006,-2.5548028606912503,5.262991321597038,-1.1109945096942373,-2.8882020945071494,-1.6863993176040115,1.0089144154756182,0.9372165157359924,-1.0770807969097622,-2.6575488996181167,-0.3781443123026703,-0.8039701650623214
760,-3.5863193844673114,-4.158800847828941,-3.7719603431640736,-1.2677615964549889,0.3311416039243416,-0.09265512731050418,0.8734568756377997,1.1287314175213092,-3.839885989843059,1.0699204885251965,-0.4271828009480575,-0.21134024717430433
762,-5.096857097479502,-4.249121288333617,-1.625347789309624,0.12155152843680132,-0.5574624000069499,-1.5757229523364935,0.1718928507378867,0.0635746685297089,2.5482973111735707,1.6113425478441514,-0.30069319060872357,0.0008113097436242
766,-1.125286607989604,-1.5866350546871308,-1.537783505893879,-1.9159738224353036,-0.3932091565293746,-1.563974582178848,-0.8289246945171543,0.6240196766698718,-0.21823054132802133,1.5568819988475755,-0.5296798887103527,-0.22257510334782882
769,-4.006844823931575,0.23533759933673024,1.306120014346509,-0.8042701936587822,-0.1921104664708715,2.2296682933541385,1.7704930913971646,-1.061498816176211,1.9051695545068512,-0.6962973861244492,0.7349685617273718,0.07905635237664521
771,1.2910398994101198,1.8282260701536317,-3.4909325007522174,-1.6503174786493213,-0.2661288880009828,-0.3003300158525059,4.263612247376985,-1.078925475515605,-2.2459441029081466,-1.1235604766736382,0.18793852409115555,-0.5088306754701695
776,-1.3571721666043937,0.4563658946027168,2.472189885384995,6.038065521735067,1.2672267438483973,1.173048595404911,0.4499933686156921,-1.369426138187402,2.1269685412480803,-0.44194493529835777,0.041899203961179715,0.3082674343061619
777,-3.7557244230651436,-0.360489823199038,1.7430446692892818,1.3165105467349751,-3.11342504742957,-1.512742068712622,-2.211220056156754,1.314463258136993,-0.4995392180894004,-0.17516458486586328,0.055048223440291255,-0.10494909165818744
778,-0.3832979214102068,-3.454285811347981,-0.10289896014697164,2.4631682051813213,-0.7200266117195885,-0.7915423689871027,0.7572666941995229,2.281638388391501,-0.016440818929392642,-1.2649921372057054,-0.20203712738921983,-0.07913860547887985
788,2.129420150482095,-1.2775520401738618,2.5774941050225526,-0.3503499737750885,-3.192568045568114,-3.671861265613322,-1.0233462353161593,-2.2528532179951046,0.23081489913957676,2.083249805329936,0.1277380240028078,-0.12019410417843246
790,0.8414949882606069,-2.4841996563943964,-2.5405792613228875,0.8249067180159767,1.4646630581640314,-2.210388691770469,0.34774873075814683,0.18029287480719006,-1.556448137595973,0.15778723985509147,-0.16040643076707028,-0.7155471897595449
807,0.5007289249620367,1.0546978189306864,-0.9034171838636338,1.562327337497206,3.7816081749106036,-0.22685996899736768,2.8584639750631666,-1.9545633000125664,0.19425861714572945,0.11900268771586198,0.33709838296613115,0.21753308595624954
818,-4.916838781683289,-0.36662623456100957,-0.9302495180448886,-1.0621105046445949,-3.5244875495521026,0.7334459506638986,-3.0194870694126643,0.9261381640311345,-1.4180539737774132,-1.5610801901351243,-0.6836304833547729,0.11384508649964975
822,1.4874043406161372,0.2091958119440428,-1.9678987721643555,5.386507841927175,0.6461511685018052,0.6163048099538013,0.17214316065117452,-2.022074726537487,1.4511725807089189,0.1801198068736949,-0.10816910740361796,0.34606295853344304
824,1.1510517210336324,1.0338919290766937,2.1393418079857818,-1.8273930875304962,-2.519376052591891,-2.5590200287346314,1.7139220572787146,-2.770366107312031,-0.6495589472535762,1.6044644582535026,0.2603902798194129,-0.14734632030176975
838,0.9057204682720396,-1.59885486476198,0.5561957107817128,-0.6358860726712243,1.389312598812906,-6.450626159043501,3.924697136118055,0.1597332983716854,0.17481406359901996,-0.5127060733088731,0.05893173113033323,0.3728211897902926
839,-0.8495722603980803,0.5032293788352973,0.5917597459969661,-2.218850009356948,3.9995785422301373,-0.7801070545284623,-1.2948948193996825,1.3494752053034378,1.9930820852688724,0.31444328509893815,0.5947786109151956,0.33888150748890244
841,3.9780960885781265,-4.938390959213034,2.011253272348257,-1.5356678923140228,-1.6543935633580722,2.612364824698187,1.0057878290002167,-0.8613374726479556,1.0287545162637222,0.357353923837102,0.20857283806332294,0.0001860021393440825
851,-3.8396883639678667,-0.10954860365890422,-0.5795221272719453,-0.44134262194530427,-1.0032221777549646,-2.4443516984051974,0.4621815908984608,2.4913944202831537,0.4620864857223641,0.956186334474087,-0.13175408317917858,0.003491032148967066
857,2.2178558533375567,0.9798356858397697,0.9100203320857512,-2.042233744214795,-1.1434700394383426,5.054794145430034,1.7223449809266465,0.39712378884315386,-1.3776948850574833,1.355409329870259,0.2813953791096584,-0.37723278138470206
862,-3.2815069319022387,-0.8978578153227917,2.5339522816397215,-2.8398696575314735,-0.12345700909170229,1.1278823325388612,-1.9676938378821454,2.4425338820350935,0.09475110953676208,-2.1413133452855964,-0.18809002472646452,0.2521112067355432
877,1.4897472205651179,0.9557430534281018,2.777658688130316,-3.7864220000607935,-0.4448037537433476,-1.372441601830922,1.4895174619145701,-1.5307123992730216,-1.0500360334867458,2.6530844017666317,0.2945978660008208,-0.04665929669264135
885,-2.495310795746095,3.4547506687204455,-1.423380183589939,-1.1488808896336176,-3.2890536908009262,-2.089285615254316,-0.6772259260332348,2.5630891431716125,1.8189961311716112,1.6914869693470433,-0.29803234765969183,0.650363823264414
895,-6.808264884806645,1.4254412984062763,1.0714051545272008,-0.5867813109339398,0.2756255888964324,0.2632206488699859,1.5653029685276532,-2.69559585837229,-1.7121235836411945,1.187516753621999,0.3514623287047675,0.06958501725882313
